entity,invoice_number,invoice_date,year,item_code,quantity,contact_raw,contact_canonical,status,account_raw,product_line,net,is_product_revenue,is_intra_group
Light Walls Ltd,#1829,2022-06-30,2022,,,,,Manual Journal,Sales,Sales,14600.0,0,0
Light Walls Ltd,#1831,2022-07-01,2022,,,,,Manual Journal,Sales,Sales,-14600.0,0,0
Light Walls Ltd,#2260,2022-11-30,2022,,,,,Manual Journal,Sales - Inter Company,Inter Company,6000.0,0,0
Light Walls Ltd,#2700,2023-06-30,2023,,,,,Manual Journal,Sales - Inter Company,Inter Company,29750.0,0,0
Light Walls Ltd,#2815,2023-07-01,2023,,,,,Manual Journal,Sales - Inter Company,Inter Company,-35750.0,0,0
Light Walls Ltd,#2918,2024-06-01,2024,,,,,Manual Journal,Sales - Inter Company,Inter Company,35750.0,0,0
Light Walls Ltd,#3114,2025-06-30,2025,,,,,Manual Journal,Sales - Protopixel,Protopixel,-14855.01,0,0
Light Walls Ltd,#3114,2025-06-30,2025,,,,,Manual Journal,Sales - Protopixel,Protopixel,18463.0,0,0
Light Walls Ltd,#3110,2025-07-01,2025,,,,,Manual Journal,Sales - Protopixel,Protopixel,-18463.0,0,0
Light Walls Ltd,INV-LW-1024,2021-06-09,2021,,,apex Tech International Ltd,Apex Tech International Ltd,Receivable Invoice,Sales - Protopixel,Protopixel,877.5,1,1
Light Walls Ltd,INV-LW-1024,2021-06-09,2021,,,apex Tech International Ltd,Apex Tech International Ltd,Receivable Invoice,Sales - Light Walls,Light Walls,100.0,1,1
Light Walls Ltd,INV-LW-1024,2021-06-09,2021,,,apex Tech International Ltd,Apex Tech International Ltd,Receivable Invoice,Sales - Light Walls,Light Walls,525.0,1,1
Light Walls Ltd,INV-LW-1024,2021-06-09,2021,,,apex Tech International Ltd,Apex Tech International Ltd,Receivable Invoice,Sales,Sales,245.8,1,1
Light Walls Ltd,INV-LW-1024,2021-06-09,2021,,,apex Tech International Ltd,Apex Tech International Ltd,Receivable Invoice,Sales,Sales,89.72,1,1
Light Walls Ltd,INV-LW-1024,2021-06-09,2021,,,apex Tech International Ltd,Apex Tech International Ltd,Receivable Invoice,Sales - Light Walls,Light Walls,466.76,1,1
Light Walls Ltd,INV-LW-1024,2021-06-09,2021,,,apex Tech International Ltd,Apex Tech International Ltd,Receivable Invoice,Sales - Protopixel,Protopixel,1142.86,1,1
Light Walls Ltd,INV-LW-1040,2021-11-08,2021,,,apex Tech International Ltd,Apex Tech International Ltd,Receivable Invoice,Sales - Protopixel,Protopixel,742.86,1,1
Light Walls Ltd,INV-LW-1040,2021-11-08,2021,,,apex Tech International Ltd,Apex Tech International Ltd,Receivable Invoice,Sales - Protopixel,Protopixel,45.71,1,1
Light Walls Ltd,INV-LW-1040,2021-11-08,2021,,,apex Tech International Ltd,Apex Tech International Ltd,Receivable Invoice,Sales - Light Walls,Light Walls,128.0,1,1
Light Walls Ltd,INV-LW-1040,2021-11-08,2021,,,apex Tech International Ltd,Apex Tech International Ltd,Receivable Invoice,Sales - Protopixel,Protopixel,1828.58,1,1
Light Walls Ltd,INV-LW-1040,2021-11-08,2021,,,apex Tech International Ltd,Apex Tech International Ltd,Receivable Invoice,Sales - Light Walls,Light Walls,45.72,1,1
Light Walls Ltd,INV-LW-1040,2021-11-08,2021,,,apex Tech International Ltd,Apex Tech International Ltd,Receivable Invoice,Sales - Light Walls,Light Walls,2880.0,1,1
Light Walls Ltd,INV-LW-1040,2021-11-08,2021,,,apex Tech International Ltd,Apex Tech International Ltd,Receivable Invoice,Sales - Light Walls,Light Walls,983.28,1,1
Light Walls Ltd,INV-LW-1040,2021-11-08,2021,,,apex Tech International Ltd,Apex Tech International Ltd,Receivable Invoice,Sales - Light Walls,Light Walls,160.0,1,1
Light Walls Ltd,INV-LW-1040,2021-11-08,2021,,,apex Tech International Ltd,Apex Tech International Ltd,Receivable Invoice,Sales - Light Walls,Light Walls,1243.58,1,1
Light Walls Ltd,INV-LW-1040,2021-11-08,2021,,,apex Tech International Ltd,Apex Tech International Ltd,Receivable Invoice,Sales - Light Walls,Light Walls,773.17,1,1
Light Walls Ltd,INV-LW-1047,2021-12-23,2021,,,apex Tech International Ltd,Apex Tech International Ltd,Receivable Invoice,Other Revenue,Other Revenue,80.88,0,1
Light Walls Ltd,INV-LW-1048,2021-12-23,2021,,,apex Tech International Ltd,Apex Tech International Ltd,Receivable Invoice,Sales,Sales,208.33,1,1
Light Walls Ltd,INV-LW-1066,2022-04-06,2022,,,apex Tech International Ltd,Apex Tech International Ltd,Receivable Invoice,Sales - Protopixel,Protopixel,1616.0,1,1
Light Walls Ltd,INV-LW-1066,2022-04-06,2022,,,apex Tech International Ltd,Apex Tech International Ltd,Receivable Invoice,Sales - Light Walls,Light Walls,75.0,1,1
Light Walls Ltd,INV-LW-1066,2022-04-06,2022,,,apex Tech International Ltd,Apex Tech International Ltd,Receivable Invoice,Sales - Light Walls,Light Walls,675.0,1,1
Light Walls Ltd,INV-LW-1066,2022-04-06,2022,,,apex Tech International Ltd,Apex Tech International Ltd,Receivable Invoice,Sales - Light Walls,Light Walls,125.0,1,1
Light Walls Ltd,INV-LW-1066,2022-04-06,2022,,,apex Tech International Ltd,Apex Tech International Ltd,Receivable Invoice,Sales - Protopixel,Protopixel,1520.0,1,1
Light Walls Ltd,INV-LW-1066,2022-04-06,2022,,,apex Tech International Ltd,Apex Tech International Ltd,Receivable Invoice,Sales - Light Walls,Light Walls,240.0,1,1
Light Walls Ltd,INV-LW-1066,2022-04-06,2022,,,apex Tech International Ltd,Apex Tech International Ltd,Receivable Invoice,Sales - Protopixel,Protopixel,60.0,1,1
Light Walls Ltd,Shipping Recharge,2022-04-29,2022,,,apex Tech International Ltd,Apex Tech International Ltd,Receivable Invoice,Other Revenue,Other Revenue,573.83,0,1
Light Walls Ltd,Shipping Recharge,2022-04-29,2022,,,apex Tech International Ltd,Apex Tech International Ltd,Receivable Invoice,Other Revenue,Other Revenue,253.15,0,1
Light Walls Ltd,INV-LW-1085,2022-10-10,2022,,,apex Tech International Ltd,Apex Tech International Ltd,Receivable Invoice,Sales,Sales,146.49,1,1
Light Walls Ltd,INV-LW-1085,2022-10-10,2022,,,apex Tech International Ltd,Apex Tech International Ltd,Receivable Invoice,Sales,Sales,193.75,1,1
Light Walls Ltd,INV-LW-1085,2022-10-10,2022,,,apex Tech International Ltd,Apex Tech International Ltd,Receivable Invoice,Sales,Sales,114.85,1,1
Light Walls Ltd,INV-LW-1085,2022-10-10,2022,,,apex Tech International Ltd,Apex Tech International Ltd,Receivable Invoice,Sales,Sales,83.86,1,1
Light Walls Ltd,INV-LW-1097,2022-11-18,2022,,,apex Tech International Ltd,Apex Tech International Ltd,Receivable Invoice,Sales,Sales,138.25,1,1
Light Walls Ltd,INV-LW-1104,2023-01-23,2023,,,apex Tech International Ltd,Apex Tech International Ltd,Receivable Invoice,Sales - Protopixel,Protopixel,1939.2,1,1
Light Walls Ltd,INV-LW-1104,2023-01-23,2023,,,apex Tech International Ltd,Apex Tech International Ltd,Receivable Invoice,Sales - Light Walls,Light Walls,150.0,1,1
Light Walls Ltd,INV-LW-1104,2023-01-23,2023,,,apex Tech International Ltd,Apex Tech International Ltd,Receivable Invoice,Sales - Light Walls,Light Walls,630.0,1,1
Light Walls Ltd,INV-LW-1104,2023-01-23,2023,,,apex Tech International Ltd,Apex Tech International Ltd,Receivable Invoice,Sales - Protopixel,Protopixel,1824.0,1,1
Light Walls Ltd,INV-LW-1119,2023-05-31,2023,,,apex Tech International Ltd,Apex Tech International Ltd,Receivable Invoice,Sales,Sales,85.01,1,1
Light Walls Ltd,INV-LW-1142,2023-12-01,2023,,,apex Tech International Ltd,Apex Tech International Ltd,Receivable Invoice,Sales,Sales,162.65,1,1
Light Walls Ltd,QU-LW-1010,2021-09-16,2021,,,Apex Tech Scotland Ltd,Apex Tech Scotland Ltd,Receivable Invoice,Sales - Light Walls,Light Walls,4955.0,1,1
Light Walls Ltd,QU-LW-1009,2021-09-16,2021,,,Apex Tech Scotland Ltd,Apex Tech Scotland Ltd,Receivable Invoice,Sales - Protopixel,Protopixel,773.81,1,1
Light Walls Ltd,QU-LW-1009,2021-09-16,2021,,,Apex Tech Scotland Ltd,Apex Tech Scotland Ltd,Receivable Invoice,Sales - Light Walls,Light Walls,47.62,1,1
Light Walls Ltd,QU-LW-1009,2021-09-16,2021,,,Apex Tech Scotland Ltd,Apex Tech Scotland Ltd,Receivable Invoice,Sales - Protopixel,Protopixel,952.38,1,1
Light Walls Ltd,QU-LW-1009,2021-09-16,2021,,,Apex Tech Scotland Ltd,Apex Tech Scotland Ltd,Receivable Invoice,Sales - Light Walls,Light Walls,866.67,1,1
Light Walls Ltd,QU-LW-1009,2021-09-16,2021,,,Apex Tech Scotland Ltd,Apex Tech Scotland Ltd,Receivable Invoice,Sales - Light Walls,Light Walls,520.2,1,1
Light Walls Ltd,QU-LW-1009,2021-09-16,2021,,,Apex Tech Scotland Ltd,Apex Tech Scotland Ltd,Receivable Invoice,Sales - Light Walls,Light Walls,91.8,1,1
Light Walls Ltd,QU-LW-1009,2021-09-16,2021,,,Apex Tech Scotland Ltd,Apex Tech Scotland Ltd,Receivable Invoice,Sales - Light Walls,Light Walls,63.2,1,1
Light Walls Ltd,QU-LW-1009,2021-09-16,2021,,,Apex Tech Scotland Ltd,Apex Tech Scotland Ltd,Receivable Invoice,Sales - Light Walls,Light Walls,231.28,1,1
Light Walls Ltd,INV-LW-1037,2021-09-24,2021,,,Apex Tech Scotland Ltd,Apex Tech Scotland Ltd,Receivable Invoice,Sales,Sales,7347.29,1,1
Light Walls Ltd,INV-LW-1041,2021-11-09,2021,,,Apex Tech Scotland Ltd,Apex Tech Scotland Ltd,Receivable Invoice,Other Revenue,Other Revenue,612.85,0,1
Light Walls Ltd,INV-LW-1043,2021-11-26,2021,,,Apex Tech Scotland Ltd,Apex Tech Scotland Ltd,Receivable Invoice,Sales - Light Walls,Light Walls,1288.3,1,1
Light Walls Ltd,INV-LW-1037,2021-12-21,2021,,,Apex Tech Scotland Ltd,Apex Tech Scotland Ltd,Receivable Credit Note,Sales,Sales,-7347.29,1,1
Light Walls Ltd,November Shipping,2021-12-23,2021,,,Apex Tech Scotland Ltd,Apex Tech Scotland Ltd,Receivable Invoice,Other Revenue,Other Revenue,1130.93,0,1
Light Walls Ltd,INV-LW-1063,2022-03-11,2022,,,Apex Tech Scotland Ltd,Apex Tech Scotland Ltd,Receivable Invoice,Other Revenue,Other Revenue,405.49,0,1
Light Walls Ltd,INV-LW-1064,2022-03-11,2022,,,Apex Tech Scotland Ltd,Apex Tech Scotland Ltd,Receivable Invoice,Other Revenue,Other Revenue,68.59,0,1
Light Walls Ltd,PO-2242,2022-04-13,2022,,,Apex Tech Scotland Ltd,Apex Tech Scotland Ltd,Receivable Invoice,Sales - Light Walls,Light Walls,225.0,1,1
Light Walls Ltd,Shipping Recharge,2022-04-29,2022,,,Apex Tech Scotland Ltd,Apex Tech Scotland Ltd,Receivable Invoice,Other Revenue,Other Revenue,370.85,0,1
Light Walls Ltd,Shipping Recharge,2022-04-29,2022,,,Apex Tech Scotland Ltd,Apex Tech Scotland Ltd,Receivable Invoice,Other Revenue,Other Revenue,133.27,0,1
Light Walls Ltd,INV-LW-1086,2022-10-10,2022,,,Apex Tech Scotland Ltd,Apex Tech Scotland Ltd,Receivable Invoice,Sales,Sales,68.22,1,1
Light Walls Ltd,INV-LW-1086,2022-10-10,2022,,,Apex Tech Scotland Ltd,Apex Tech Scotland Ltd,Receivable Invoice,Sales,Sales,383.11,1,1
Light Walls Ltd,INV-LW-1086,2022-10-10,2022,,,Apex Tech Scotland Ltd,Apex Tech Scotland Ltd,Receivable Invoice,Sales,Sales,544.61,1,1
Light Walls Ltd,INV-LW-1086,2022-10-10,2022,,,Apex Tech Scotland Ltd,Apex Tech Scotland Ltd,Receivable Invoice,Sales,Sales,306.36,1,1
Light Walls Ltd,INV-LW-1086,2022-10-10,2022,,,Apex Tech Scotland Ltd,Apex Tech Scotland Ltd,Receivable Invoice,Sales,Sales,239.9,1,1
Light Walls Ltd,INV-LW-1096,2022-11-18,2022,,,Apex Tech Scotland Ltd,Apex Tech Scotland Ltd,Receivable Invoice,Sales,Sales,740.19,1,1
Light Walls Ltd,INV-LW-1116,2023-05-31,2023,,,Apex Tech Scotland Ltd,Apex Tech Scotland Ltd,Receivable Invoice,Sales,Sales,125.84,1,1
Light Walls Ltd,INV-LW-1127,2023-09-18,2023,,,Apex Tech Scotland Ltd,Apex Tech Scotland Ltd,Receivable Invoice,Sales,Sales,547.33,1,1
Light Walls Ltd,INV-LW-1127,2023-09-18,2023,,,Apex Tech Scotland Ltd,Apex Tech Scotland Ltd,Receivable Invoice,Sales,Sales,600.23,1,1
Light Walls Ltd,INV-LW-1127,2023-09-18,2023,,,Apex Tech Scotland Ltd,Apex Tech Scotland Ltd,Receivable Invoice,Sales,Sales,268.33,1,1
Light Walls Ltd,INV-LW-1127,2023-09-18,2023,,,Apex Tech Scotland Ltd,Apex Tech Scotland Ltd,Receivable Invoice,Sales,Sales,138.33,1,1
Light Walls Ltd,INV-LW-1106,2023-02-14,2023,,,Apex Tech Scotland Ltd / Apex-Tech UK,Apex Tech Scotland Ltd,Receivable Invoice,Sales,Sales,398.37,1,1
Light Walls Ltd,INV-LW-1106,2023-02-14,2023,,,Apex Tech Scotland Ltd / Apex-Tech UK,Apex Tech Scotland Ltd,Receivable Invoice,Sales,Sales,245.36,1,1
Light Walls Ltd,INV-LW-1106,2023-02-14,2023,,,Apex Tech Scotland Ltd / Apex-Tech UK,Apex Tech Scotland Ltd,Receivable Invoice,Sales,Sales,283.12,1,1
Light Walls Ltd,INV-LW-1140,2023-12-01,2023,,,Apex Tech Scotland Ltd / Apex-Tech UK,Apex Tech Scotland Ltd,Receivable Invoice,Sales,Sales,141.17,1,1
Light Walls Ltd,INV-LW-1140,2023-12-01,2023,,,Apex Tech Scotland Ltd / Apex-Tech UK,Apex Tech Scotland Ltd,Receivable Invoice,Sales,Sales,289.93,1,1
Light Walls Ltd,PO-157,2020-12-29,2020,,,Apex Technologies USA LLC,Apex Technologies USA,Receivable Invoice,Sales,Sales,928.57,1,0
Light Walls Ltd,PO-157,2020-12-29,2020,,,Apex Technologies USA LLC,Apex Technologies USA,Receivable Invoice,Sales,Sales,51.99,1,0
Light Walls Ltd,PO-157,2020-12-29,2020,,,Apex Technologies USA LLC,Apex Technologies USA,Receivable Invoice,Sales,Sales,1714.3,1,0
Light Walls Ltd,PO-157,2020-12-29,2020,,,Apex Technologies USA LLC,Apex Technologies USA,Receivable Invoice,Sales,Sales,466.67,1,0
Light Walls Ltd,PO-157,2020-12-29,2020,,,Apex Technologies USA LLC,Apex Technologies USA,Receivable Invoice,Sales,Sales,897.2,1,0
Light Walls Ltd,PO-157,2020-12-29,2020,,,Apex Technologies USA LLC,Apex Technologies USA,Receivable Invoice,Sales,Sales,1600.0,1,0
Light Walls Ltd,PO-157,2020-12-29,2020,,,Apex Technologies USA LLC,Apex Technologies USA,Receivable Invoice,Sales,Sales,600.0,1,0
Light Walls Ltd,PO-189,2021-01-20,2021,,,Apex Technologies USA LLC,Apex Technologies USA,Receivable Invoice,Sales - Protopixel,Protopixel,1857.14,1,0
Light Walls Ltd,PO-189,2021-01-20,2021,,,Apex Technologies USA LLC,Apex Technologies USA,Receivable Invoice,Sales - Light Walls,Light Walls,2560.0,1,0
Light Walls Ltd,PO-189,2021-01-20,2021,,,Apex Technologies USA LLC,Apex Technologies USA,Receivable Invoice,Sales - Protopixel,Protopixel,2285.72,1,0
Light Walls Ltd,ch_1IJncYCRtEyavs3CqoGmc6j9,2021-02-11,2021,,,Apex Technologies USA LLC,Apex Technologies USA,Receive Money,Other Revenue,Other Revenue,5.84,0,0
Light Walls Ltd,Demo,2021-02-11,2021,,,Apex Technologies USA LLC,Apex Technologies USA,Receivable Invoice,Sales - Light Walls,Light Walls,329.6,1,0
Light Walls Ltd,Demo,2021-02-11,2021,,,Apex Technologies USA LLC,Apex Technologies USA,Receivable Invoice,Sales - Protopixel,Protopixel,171.43,1,0
Light Walls Ltd,PO-0223,2021-02-15,2021,,,Apex Technologies USA LLC,Apex Technologies USA,Receivable Invoice,Sales,Sales,1100.0,1,0
Light Walls Ltd,PO-0224,2021-02-15,2021,,,Apex Technologies USA LLC,Apex Technologies USA,Receivable Invoice,Sales,Sales,1100.0,1,0
Light Walls Ltd,PO-0222,2021-02-15,2021,,,Apex Technologies USA LLC,Apex Technologies USA,Receivable Invoice,Sales,Sales,1100.0,1,0
Light Walls Ltd,po239,2021-02-23,2021,,,Apex Technologies USA LLC,Apex Technologies USA,Receivable Invoice,Sales - Light Walls,Light Walls,2785.71,1,0
Light Walls Ltd,po239,2021-02-23,2021,,,Apex Technologies USA LLC,Apex Technologies USA,Receivable Invoice,Sales - Protopixel,Protopixel,2571.45,1,0
Light Walls Ltd,po239,2021-02-23,2021,,,Apex Technologies USA LLC,Apex Technologies USA,Receivable Invoice,Sales - Protopixel,Protopixel,857.15,1,0
Light Walls Ltd,po239,2021-02-23,2021,,,Apex Technologies USA LLC,Apex Technologies USA,Receivable Invoice,Sales - Light Walls,Light Walls,1866.64,1,0
Light Walls Ltd,PO-0288,2021-04-16,2021,,,Apex Technologies USA LLC,Apex Technologies USA,Receivable Invoice,Sales,Sales,1100.0,1,0
Light Walls Ltd,PO#302,2021-05-04,2021,,,Apex Technologies USA LLC,Apex Technologies USA,Receivable Invoice,Sales - Light Walls,Light Walls,54326.77,1,0
Light Walls Ltd,313,2021-05-17,2021,,,Apex Technologies USA LLC,Apex Technologies USA,Receivable Invoice,Sales - Light Walls,Light Walls,684.0,1,0
Light Walls Ltd,305,2021-05-17,2021,,,Apex Technologies USA LLC,Apex Technologies USA,Receivable Invoice,Sales - Light Walls,Light Walls,458.14,1,0
Light Walls Ltd,305,2021-05-17,2021,,,Apex Technologies USA LLC,Apex Technologies USA,Receivable Invoice,Sales - Light Walls,Light Walls,25.54,1,0
Light Walls Ltd,305,2021-05-17,2021,,,Apex Technologies USA LLC,Apex Technologies USA,Receivable Invoice,Sales - Protopixel,Protopixel,171.43,1,0
Light Walls Ltd,317,2021-05-19,2021,,,Apex Technologies USA LLC,Apex Technologies USA,Receivable Invoice,Sales,Sales,916.67,1,0
Light Walls Ltd,PO347,2021-06-25,2021,,,Apex Technologies USA LLC,Apex Technologies USA,Receivable Invoice,Sales - Light Walls,Light Walls,1026.0,1,0
Light Walls Ltd,PO348,2021-06-25,2021,,,Apex Technologies USA LLC,Apex Technologies USA,Receivable Invoice,Sales,Sales,317.45,1,0
Light Walls Ltd,PO-369,2021-07-08,2021,,,Apex Technologies USA LLC,Apex Technologies USA,Receivable Invoice,Sales - Light Walls,Light Walls,3200.0,1,0
Light Walls Ltd,PO-369,2021-07-08,2021,,,Apex Technologies USA LLC,Apex Technologies USA,Receivable Invoice,Sales - Light Walls,Light Walls,1165.68,1,0
Light Walls Ltd,PO-369,2021-07-08,2021,,,Apex Technologies USA LLC,Apex Technologies USA,Receivable Invoice,Sales - Light Walls,Light Walls,1142.86,1,0
Light Walls Ltd,PO-369,2021-07-08,2021,,,Apex Technologies USA LLC,Apex Technologies USA,Receivable Invoice,Sales - Light Walls,Light Walls,1474.92,1,0
Light Walls Ltd,PO-369,2021-07-08,2021,,,Apex Technologies USA LLC,Apex Technologies USA,Receivable Invoice,Sales - Light Walls,Light Walls,200.0,1,0
Light Walls Ltd,PO-369,2021-07-08,2021,,,Apex Technologies USA LLC,Apex Technologies USA,Receivable Invoice,Sales - Light Walls,Light Walls,928.57,1,0
Light Walls Ltd,PO-369,2021-07-08,2021,,,Apex Technologies USA LLC,Apex Technologies USA,Receivable Invoice,Sales - Light Walls,Light Walls,51.99,1,0
Light Walls Ltd,PO-369,2021-07-08,2021,,,Apex Technologies USA LLC,Apex Technologies USA,Receivable Invoice,Sales - Light Walls,Light Walls,8544.0,1,0
Light Walls Ltd,PO-369,2021-07-08,2021,,,Apex Technologies USA LLC,Apex Technologies USA,Receivable Invoice,Sales - Light Walls,Light Walls,5000.0,1,0
Light Walls Ltd,PO-370,2021-07-08,2021,,,Apex Technologies USA LLC,Apex Technologies USA,Receivable Invoice,Other Revenue,Other Revenue,18914.0,0,0
Light Walls Ltd,383,2021-08-01,2021,,,Apex Technologies USA LLC,Apex Technologies USA,Receivable Invoice,Sales - Light Walls,Light Walls,983.28,1,0
Light Walls Ltd,383,2021-08-01,2021,,,Apex Technologies USA LLC,Apex Technologies USA,Receivable Invoice,Sales - Light Walls,Light Walls,1600.0,1,0
Light Walls Ltd,383,2021-08-01,2021,,,Apex Technologies USA LLC,Apex Technologies USA,Receivable Invoice,Sales - Protopixel,Protopixel,4571.44,1,0
Light Walls Ltd,383,2021-08-01,2021,,,Apex Technologies USA LLC,Apex Technologies USA,Receivable Invoice,Sales - Light Walls,Light Walls,320.0,1,0
Light Walls Ltd,383,2021-08-01,2021,,,Apex Technologies USA LLC,Apex Technologies USA,Receivable Invoice,Sales - Light Walls,Light Walls,228.56,1,0
Light Walls Ltd,376,2021-08-01,2021,,,Apex Technologies USA LLC,Apex Technologies USA,Receivable Invoice,Sales,Sales,1100.0,1,0
Light Walls Ltd,PO-0420,2021-09-17,2021,,,Apex Technologies USA LLC,Apex Technologies USA,Receivable Invoice,Sales - Light Walls,Light Walls,160.0,1,0
Light Walls Ltd,499,2021-12-19,2021,,,Apex Technologies USA LLC,Apex Technologies USA,Receivable Invoice,Sales - Light Walls,Light Walls,1600.0,1,0
Light Walls Ltd,PO-499,2021-12-23,2021,,,Apex Technologies USA LLC,Apex Technologies USA,Receivable Invoice,Sales,Sales,74.17,1,0
Light Walls Ltd,ch_3K9sh2CRtEyavs3C0DbAiBcA,2021-12-23,2021,,,Apex Technologies USA LLC,Apex Technologies USA,Receive Money,Other Revenue,Other Revenue,1.04,0,0
Light Walls Ltd,ch_3K9u1oCRtEyavs3C0shEXe4s,2021-12-23,2021,,,Apex Technologies USA LLC,Apex Technologies USA,Receive Money,Other Revenue,Other Revenue,1.87,0,0
Light Walls Ltd,PO-521,2022-01-21,2022,,,Apex Technologies USA LLC,Apex Technologies USA,Receivable Invoice,Sales - Light Walls,Light Walls,623.35,1,0
Light Walls Ltd,PO-521,2022-01-21,2022,,,Apex Technologies USA LLC,Apex Technologies USA,Receivable Invoice,Sales - Light Walls,Light Walls,300.0,1,0
Light Walls Ltd,PO-521,2022-01-21,2022,,,Apex Technologies USA LLC,Apex Technologies USA,Receivable Invoice,Sales - Light Walls,Light Walls,89.72,1,0
Light Walls Ltd,PO-521,2022-01-21,2022,,,Apex Technologies USA LLC,Apex Technologies USA,Receivable Invoice,Sales - Protopixel,Protopixel,171.43,1,0
Light Walls Ltd,PO#508,2022-03-11,2022,,,Apex Technologies USA LLC,Apex Technologies USA,Receivable Invoice,Sales - Light Walls,Light Walls,6864.0,1,0
Light Walls Ltd,PO#508,2022-03-11,2022,,,Apex Technologies USA LLC,Apex Technologies USA,Receivable Invoice,Sales - Light Walls,Light Walls,744.0,1,0
Light Walls Ltd,PO#508,2022-03-11,2022,,,Apex Technologies USA LLC,Apex Technologies USA,Receivable Invoice,Sales - Light Walls,Light Walls,1229.0,1,0
Light Walls Ltd,PO#508,2022-03-11,2022,,,Apex Technologies USA LLC,Apex Technologies USA,Receivable Invoice,Sales - Protopixel,Protopixel,3428.58,1,0
Light Walls Ltd,PO#508,2022-03-11,2022,,,Apex Technologies USA LLC,Apex Technologies USA,Receivable Invoice,Sales - Light Walls,Light Walls,114.28,1,0
Light Walls Ltd,PO#508,2022-03-11,2022,,,Apex Technologies USA LLC,Apex Technologies USA,Receivable Invoice,Sales - Light Walls,Light Walls,3921.0,1,0
Light Walls Ltd,PO#508,2022-03-11,2022,,,Apex Technologies USA LLC,Apex Technologies USA,Receivable Invoice,Sales - Light Walls,Light Walls,750.0,1,0
Light Walls Ltd,PO#508,2022-03-11,2022,,,Apex Technologies USA LLC,Apex Technologies USA,Receivable Invoice,Sales - Light Walls,Light Walls,2712.68,1,0
Light Walls Ltd,PO#508,2022-03-11,2022,,,Apex Technologies USA LLC,Apex Technologies USA,Receivable Invoice,Sales - Protopixel,Protopixel,1142.86,1,0
Light Walls Ltd,PO#508,2022-03-11,2022,,,Apex Technologies USA LLC,Apex Technologies USA,Receivable Invoice,Sales - Light Walls,Light Walls,320.0,1,0
Light Walls Ltd,PO#507,2022-03-11,2022,,,Apex Technologies USA LLC,Apex Technologies USA,Receivable Invoice,Sales - Light Walls,Light Walls,766.48,1,0
Light Walls Ltd,PO#507,2022-03-11,2022,,,Apex Technologies USA LLC,Apex Technologies USA,Receivable Invoice,Sales - Light Walls,Light Walls,749.06,1,0
Light Walls Ltd,PO#507,2022-03-11,2022,,,Apex Technologies USA LLC,Apex Technologies USA,Receivable Invoice,Sales - Light Walls,Light Walls,592.28,1,0
Light Walls Ltd,PO#507,2022-03-11,2022,,,Apex Technologies USA LLC,Apex Technologies USA,Receivable Invoice,Sales - Light Walls,Light Walls,2961.4,1,0
Light Walls Ltd,PO#507,2022-03-11,2022,,,Apex Technologies USA LLC,Apex Technologies USA,Receivable Invoice,Sales - Light Walls,Light Walls,491.64,1,0
Light Walls Ltd,PO#507,2022-03-11,2022,,,Apex Technologies USA LLC,Apex Technologies USA,Receivable Invoice,Sales - Protopixel,Protopixel,1142.86,1,0
Light Walls Ltd,PO#507,2022-03-11,2022,,,Apex Technologies USA LLC,Apex Technologies USA,Receivable Invoice,Sales - Light Walls,Light Walls,57.14,1,0
Light Walls Ltd,PO#507,2022-03-11,2022,,,Apex Technologies USA LLC,Apex Technologies USA,Receivable Invoice,Sales - Light Walls,Light Walls,2583.5,1,0
Light Walls Ltd,PO#507,2022-03-11,2022,,,Apex Technologies USA LLC,Apex Technologies USA,Receivable Invoice,Sales - Protopixel,Protopixel,1142.86,1,0
Light Walls Ltd,PO#507,2022-03-11,2022,,,Apex Technologies USA LLC,Apex Technologies USA,Receivable Invoice,Sales - Light Walls,Light Walls,320.0,1,0
Light Walls Ltd,PO#507,2022-03-11,2022,,,Apex Technologies USA LLC,Apex Technologies USA,Receivable Invoice,Sales - Light Walls,Light Walls,122.91,1,0
Light Walls Ltd,INV-LW-1067,2022-04-13,2022,,,Apex Technologies USA LLC,Apex Technologies USA,Receivable Invoice,Sales - Light Walls,Light Walls,80.0,1,0
Light Walls Ltd,PO-628,2022-05-06,2022,,,Apex Technologies USA LLC,Apex Technologies USA,Receivable Invoice,Sales - Light Walls,Light Walls,1075.2,1,0
Light Walls Ltd,PO679,2022-07-07,2022,,,Apex Technologies USA LLC,Apex Technologies USA,Receivable Invoice,Sales - Light Walls,Light Walls,6500.0,1,0
Light Walls Ltd,PO679,2022-07-07,2022,,,Apex Technologies USA LLC,Apex Technologies USA,Receivable Invoice,Sales - Protopixel,Protopixel,1939.2,1,0
Light Walls Ltd,PO679,2022-07-07,2022,,,Apex Technologies USA LLC,Apex Technologies USA,Receivable Invoice,Sales - Light Walls,Light Walls,1824.0,1,0
Light Walls Ltd,PO684,2022-07-12,2022,,,Apex Technologies USA LLC,Apex Technologies USA,Receivable Invoice,Sales - Protopixel,Protopixel,1459.2,1,0
Light Walls Ltd,Miami Studio,2022-07-18,2022,,,Apex Technologies USA LLC,Apex Technologies USA,Receivable Invoice,Sales - Light Walls,Light Walls,675.04,1,0
Light Walls Ltd,PO-0781,2022-11-08,2022,,,Apex Technologies USA LLC,Apex Technologies USA,Receivable Invoice,Sales - Light Walls,Light Walls,270.0,1,0
Light Walls Ltd,PO-0781,2022-11-08,2022,,,Apex Technologies USA LLC,Apex Technologies USA,Receivable Invoice,Sales - Light Walls,Light Walls,65.0,1,0
Light Walls Ltd,PO-0781,2022-11-08,2022,,,Apex Technologies USA LLC,Apex Technologies USA,Receivable Invoice,Sales - Light Walls,Light Walls,42.5,1,0
Light Walls Ltd,PO-0781,2022-11-08,2022,,,Apex Technologies USA LLC,Apex Technologies USA,Receivable Invoice,Sales - Protopixel,Protopixel,640.0,1,0
Light Walls Ltd,PO-0814,2022-11-23,2022,,,Apex Technologies USA LLC,Apex Technologies USA,Receivable Invoice,Sales - Protopixel,Protopixel,18240.0,1,0
Light Walls Ltd,PO-0814,2022-11-23,2022,,,Apex Technologies USA LLC,Apex Technologies USA,Receivable Invoice,Sales - Protopixel,Protopixel,360.0,1,0
Light Walls Ltd,PO-0814,2022-11-23,2022,,,Apex Technologies USA LLC,Apex Technologies USA,Receivable Invoice,Sales - Light Walls,Light Walls,72.0,1,0
Light Walls Ltd,PO-0814,2022-11-23,2022,,,Apex Technologies USA LLC,Apex Technologies USA,Receivable Invoice,Sales - Protopixel,Protopixel,1939.2,1,0
Light Walls Ltd,PO-0814,2022-11-23,2022,,,Apex Technologies USA LLC,Apex Technologies USA,Receivable Invoice,Sales - Light Walls,Light Walls,3888.0,1,0
Light Walls Ltd,PO-0814,2022-11-23,2022,,,Apex Technologies USA LLC,Apex Technologies USA,Receivable Invoice,Sales - Light Walls,Light Walls,2083.2,1,0
Light Walls Ltd,PO-0814,2022-11-23,2022,,,Apex Technologies USA LLC,Apex Technologies USA,Receivable Invoice,Sales - Light Walls,Light Walls,3016.0,1,0
Light Walls Ltd,PO-0814,2022-11-23,2022,,,Apex Technologies USA LLC,Apex Technologies USA,Receivable Invoice,Sales - Light Walls,Light Walls,150.0,1,0
Light Walls Ltd,PO-0814,2022-11-23,2022,,,Apex Technologies USA LLC,Apex Technologies USA,Receivable Invoice,Sales - Light Walls,Light Walls,1350.08,1,0
Light Walls Ltd,PO-0814,2022-11-23,2022,,,Apex Technologies USA LLC,Apex Technologies USA,Receivable Invoice,Sales - Light Walls,Light Walls,675.04,1,0
Light Walls Ltd,PO-0814,2022-11-23,2022,,,Apex Technologies USA LLC,Apex Technologies USA,Receivable Invoice,Sales - Light Walls,Light Walls,150.0,1,0
Light Walls Ltd,Visualisation,2022-12-05,2022,,,Apex Technologies USA LLC,Apex Technologies USA,Receivable Invoice,Other Revenue,Other Revenue,3000.0,0,0
Light Walls Ltd,QU-LW-1045,2022-12-30,2022,,,Apex Technologies USA LLC,Apex Technologies USA,Receivable Invoice,Sales - Light Walls,Light Walls,18191.25,1,0
Light Walls Ltd,QU-LW-1045,2022-12-30,2022,,,Apex Technologies USA LLC,Apex Technologies USA,Receivable Invoice,Sales - Light Walls,Light Walls,-6912.0,1,0
Light Walls Ltd,QU-LW-1045,2022-12-30,2022,,,Apex Technologies USA LLC,Apex Technologies USA,Receivable Invoice,Sales - Light Walls,Light Walls,3811.93,1,0
Light Walls Ltd,QU-LW-1045,2022-12-30,2022,,,Apex Technologies USA LLC,Apex Technologies USA,Receivable Invoice,Sales - Light Walls,Light Walls,-2044.0,1,0
Light Walls Ltd,PO-0870,2023-01-13,2023,,,Apex Technologies USA LLC,Apex Technologies USA,Receivable Invoice,Sales - Protopixel,Protopixel,1616.0,1,0
Light Walls Ltd,PO-0870,2023-01-13,2023,,,Apex Technologies USA LLC,Apex Technologies USA,Receivable Invoice,Sales - Light Walls,Light Walls,60.0,1,0
Light Walls Ltd,PO-0870,2023-01-13,2023,,,Apex Technologies USA LLC,Apex Technologies USA,Receivable Invoice,Sales - Protopixel,Protopixel,1520.0,1,0
Light Walls Ltd,PO-0870,2023-01-13,2023,,,Apex Technologies USA LLC,Apex Technologies USA,Receivable Invoice,Sales - Light Walls,Light Walls,328.0,1,0
Light Walls Ltd,PO-0870,2023-01-13,2023,,,Apex Technologies USA LLC,Apex Technologies USA,Receivable Invoice,Sales - Light Walls,Light Walls,75.0,1,0
Light Walls Ltd,PO-871,2023-01-13,2023,,,Apex Technologies USA LLC,Apex Technologies USA,Receivable Invoice,Sales,Sales,648.0,1,0
Light Walls Ltd,PO987,2023-03-15,2023,,,Apex Technologies USA LLC,Apex Technologies USA,Receivable Invoice,Sales - Protopixel,Protopixel,1824.0,1,0
Light Walls Ltd,PO-1134,2023-05-24,2023,,,Apex Technologies USA LLC,Apex Technologies USA,Receivable Invoice,Sales - Protopixel,Protopixel,384.0,1,0
Light Walls Ltd,PO-1134,2023-05-24,2023,,,Apex Technologies USA LLC,Apex Technologies USA,Receivable Invoice,Sales - Light Walls,Light Walls,729.0,1,0
Light Walls Ltd,PO-1134,2023-05-24,2023,,,Apex Technologies USA LLC,Apex Technologies USA,Receivable Invoice,Sales,Sales,111.3,1,0
Light Walls Ltd,PO-1145,2023-06-06,2023,,,Apex Technologies USA LLC,Apex Technologies USA,Receivable Invoice,Sales - Protopixel,Protopixel,1824.0,1,0
Light Walls Ltd,PO-1145,2023-06-06,2023,,,Apex Technologies USA LLC,Apex Technologies USA,Receivable Invoice,Sales - Protopixel,Protopixel,1939.2,1,0
Light Walls Ltd,PO-1145,2023-06-06,2023,,,Apex Technologies USA LLC,Apex Technologies USA,Receivable Invoice,Sales - Light Walls,Light Walls,2106.0,1,0
Light Walls Ltd,PO-1145,2023-06-06,2023,,,Apex Technologies USA LLC,Apex Technologies USA,Receivable Invoice,Sales - Light Walls,Light Walls,90.0,1,0
Light Walls Ltd,PO-1145,2023-06-06,2023,,,Apex Technologies USA LLC,Apex Technologies USA,Receivable Invoice,Sales,Sales,288.0,1,0
Light Walls Ltd,PO-1145,2023-06-06,2023,,,Apex Technologies USA LLC,Apex Technologies USA,Receivable Invoice,Sales,Sales,624.72,1,0
Light Walls Ltd,Miami Studio,2023-06-26,2023,,,Apex Technologies USA LLC,Apex Technologies USA,Receivable Invoice,Sales,Sales,932.15,1,0
Light Walls Ltd,Miami Studio,2023-06-26,2023,,,Apex Technologies USA LLC,Apex Technologies USA,Receivable Invoice,Sales,Sales,509.31,1,0
Light Walls Ltd,Miami Studio,2023-06-26,2023,,,Apex Technologies USA LLC,Apex Technologies USA,Receivable Invoice,Sales,Sales,365.0,1,0
Light Walls Ltd,Miami Studio,2023-06-26,2023,,,Apex Technologies USA LLC,Apex Technologies USA,Receivable Invoice,Sales - Light Walls,Light Walls,3375.0,1,0
Light Walls Ltd,PO-1233,2023-08-29,2023,,,Apex Technologies USA LLC,Apex Technologies USA,Receivable Invoice,Sales - Protopixel,Protopixel,1939.2,1,0
Light Walls Ltd,PO-1233,2023-08-29,2023,,,Apex Technologies USA LLC,Apex Technologies USA,Receivable Invoice,Sales - Protopixel,Protopixel,1824.0,1,0
Light Walls Ltd,PO-1233,2023-08-29,2023,,,Apex Technologies USA LLC,Apex Technologies USA,Receivable Invoice,Sales,Sales,337.6,1,0
Light Walls Ltd,PO-1251,2023-09-19,2023,,,Apex Technologies USA LLC,Apex Technologies USA,Receivable Invoice,Sales - Protopixel,Protopixel,1939.2,1,0
Light Walls Ltd,PO-1251,2023-09-19,2023,,,Apex Technologies USA LLC,Apex Technologies USA,Receivable Invoice,Sales - Light Walls,Light Walls,72.0,1,0
Light Walls Ltd,PO-1251,2023-09-19,2023,,,Apex Technologies USA LLC,Apex Technologies USA,Receivable Invoice,Sales - Protopixel,Protopixel,14592.0,1,0
Light Walls Ltd,PO-1251,2023-09-19,2023,,,Apex Technologies USA LLC,Apex Technologies USA,Receivable Invoice,Sales - Protopixel,Protopixel,288.0,1,0
Light Walls Ltd,PO-1251,2023-09-19,2023,,,Apex Technologies USA LLC,Apex Technologies USA,Receivable Invoice,Sales,Sales,3888.0,1,0
Light Walls Ltd,PO-1251,2023-09-19,2023,,,Apex Technologies USA LLC,Apex Technologies USA,Receivable Invoice,Sales - Light Walls,Light Walls,150.0,1,0
Light Walls Ltd,PO-1251,2023-09-19,2023,,,Apex Technologies USA LLC,Apex Technologies USA,Receivable Invoice,Sales,Sales,2092.92,1,0
Light Walls Ltd,QU-LW-1053,2023-09-25,2023,,,Apex Technologies USA LLC,Apex Technologies USA,Receivable Invoice,Sales - Light Walls,Light Walls,250.99,1,0
Light Walls Ltd,QU-LW-1053,2023-09-25,2023,,,Apex Technologies USA LLC,Apex Technologies USA,Receivable Invoice,Sales - Light Walls,Light Walls,323.71,1,0
Light Walls Ltd,QU-LW-1053,2023-09-25,2023,,,Apex Technologies USA LLC,Apex Technologies USA,Receivable Invoice,Sales - Light Walls,Light Walls,132.31,1,0
Light Walls Ltd,QU-LW-1053,2023-09-25,2023,,,Apex Technologies USA LLC,Apex Technologies USA,Receivable Invoice,Sales - Light Walls,Light Walls,44.95,1,0
Light Walls Ltd,QU-LW-1053,2023-09-25,2023,,,Apex Technologies USA LLC,Apex Technologies USA,Receivable Invoice,Sales - Light Walls,Light Walls,36.87,1,0
Light Walls Ltd,QU-LW-1054,2023-10-09,2023,,,Apex Technologies USA LLC,Apex Technologies USA,Receivable Invoice,Sales - Light Walls,Light Walls,279.0,1,0
Light Walls Ltd,QU-LW-1054,2023-10-09,2023,,,Apex Technologies USA LLC,Apex Technologies USA,Receivable Invoice,Sales,Sales,27.9,1,0
Light Walls Ltd,1284,2023-10-11,2023,,,Apex Technologies USA LLC,Apex Technologies USA,Receivable Invoice,Sales - Light Walls,Light Walls,1080.0,1,0
Light Walls Ltd,1284,2023-10-11,2023,,,Apex Technologies USA LLC,Apex Technologies USA,Receivable Invoice,Sales,Sales,108.0,1,0
Light Walls Ltd,QU-LW-1052,2023-11-02,2023,,,Apex Technologies USA LLC,Apex Technologies USA,Receivable Invoice,Sales - Light Walls,Light Walls,1680.0,1,0
Light Walls Ltd,QU-LW-1052,2023-11-02,2023,,,Apex Technologies USA LLC,Apex Technologies USA,Receivable Invoice,Sales - Light Walls,Light Walls,3078.0,1,0
Light Walls Ltd,QU-LW-1052,2023-11-02,2023,,,Apex Technologies USA LLC,Apex Technologies USA,Receivable Invoice,Sales - Light Walls,Light Walls,1440.0,1,0
Light Walls Ltd,QU-LW-1052,2023-11-02,2023,,,Apex Technologies USA LLC,Apex Technologies USA,Receivable Invoice,Sales - Light Walls,Light Walls,960.0,1,0
Light Walls Ltd,QU-LW-1052,2023-11-02,2023,,,Apex Technologies USA LLC,Apex Technologies USA,Receivable Invoice,Sales - Light Walls,Light Walls,1939.2,1,0
Light Walls Ltd,QU-LW-1052,2023-11-02,2023,,,Apex Technologies USA LLC,Apex Technologies USA,Receivable Invoice,Sales - Light Walls,Light Walls,3648.0,1,0
Light Walls Ltd,QU-LW-1052,2023-11-02,2023,,,Apex Technologies USA LLC,Apex Technologies USA,Receivable Invoice,Sales - Light Walls,Light Walls,180.0,1,0
Light Walls Ltd,QU-LW-1052,2023-11-02,2023,,,Apex Technologies USA LLC,Apex Technologies USA,Receivable Invoice,Sales - Light Walls,Light Walls,253.14,1,0
Light Walls Ltd,QU-LW-1052,2023-11-02,2023,,,Apex Technologies USA LLC,Apex Technologies USA,Receivable Invoice,Sales,Sales,1317.0,1,0
Light Walls Ltd,PO-1331,2023-12-05,2023,,,Apex Technologies USA LLC,Apex Technologies USA,Receivable Invoice,Sales - Light Walls,Light Walls,312.0,1,0
Light Walls Ltd,PO-1331,2023-12-05,2023,,,Apex Technologies USA LLC,Apex Technologies USA,Receivable Invoice,Sales - Protopixel,Protopixel,768.0,1,0
Light Walls Ltd,PO-1331,2023-12-05,2023,,,Apex Technologies USA LLC,Apex Technologies USA,Receivable Invoice,Sales,Sales,108.0,1,0
Light Walls Ltd,QU-LW-1059,2023-12-19,2023,,,Apex Technologies USA LLC,Apex Technologies USA,Receivable Invoice,Sales - Light Walls,Light Walls,300.0,1,0
Light Walls Ltd,QU-LW-1059,2023-12-19,2023,,,Apex Technologies USA LLC,Apex Technologies USA,Receivable Invoice,Sales,Sales,30.0,1,0
Light Walls Ltd,Chalet M L3 Spot Lights,2021-03-29,2021,,,Chevalier,Chevalier,Receivable Invoice,Sales - Light Walls,Light Walls,20199.96,1,0
Light Walls Ltd,Chalet M L3 Spot Lights,2021-03-29,2021,,,Chevalier,Chevalier,Receivable Invoice,Sales - Protopixel,Protopixel,1547.62,1,0
Light Walls Ltd,Chalet M L3 Spot Lights,2021-03-29,2021,,,Chevalier,Chevalier,Receivable Invoice,Sales,Sales,504.88,1,0
Light Walls Ltd,INV-LW-1052,2022-01-21,2022,,,Cinema Lusso,Cinema Lusso,Receivable Invoice,Sales - Light Walls,Light Walls,1044.64,1,0
Light Walls Ltd,INV-LW-1052,2022-01-21,2022,,,Cinema Lusso,Cinema Lusso,Receivable Invoice,Sales - Protopixel,Protopixel,771.44,1,0
Light Walls Ltd,INV-LW-1052,2022-01-21,2022,,,Cinema Lusso,Cinema Lusso,Receivable Invoice,Sales - Light Walls,Light Walls,1080.0,1,0
Light Walls Ltd,ch_3KMZWvCRtEyavs3C1Yu58p4M,2022-01-27,2022,,,Cinema Lusso,Cinema Lusso,Receive Money,Other Revenue,Other Revenue,40.54,0,0
Light Walls Ltd,QU-LW-1025,2022-07-18,2022,,,Cinema Partners,Cinema Partners,Receivable Invoice,Sales - Light Walls,Light Walls,14700.0,1,0
Light Walls Ltd,QU-LW-1025,2022-07-18,2022,,,Cinema Partners,Cinema Partners,Receivable Invoice,Sales - Light Walls,Light Walls,18427.5,1,0
Light Walls Ltd,QU-LW-1025,2022-07-18,2022,,,Cinema Partners,Cinema Partners,Receivable Invoice,Sales - Light Walls,Light Walls,9900.0,1,0
Light Walls Ltd,QU-LW-1025,2022-07-18,2022,,,Cinema Partners,Cinema Partners,Receivable Invoice,Sales - Protopixel,Protopixel,2424.0,1,0
Light Walls Ltd,QU-LW-1025,2022-07-18,2022,,,Cinema Partners,Cinema Partners,Receivable Invoice,Sales - Protopixel,Protopixel,11400.0,1,0
Light Walls Ltd,QU-LW-1025,2022-07-18,2022,,,Cinema Partners,Cinema Partners,Receivable Invoice,Sales - Light Walls,Light Walls,270.0,1,0
Light Walls Ltd,QU-LW-1025,2022-07-18,2022,,,Cinema Partners,Cinema Partners,Receivable Invoice,Sales - Light Walls,Light Walls,90.0,1,0
Light Walls Ltd,QU-LW-1025,2022-07-18,2022,,,Cinema Partners,Cinema Partners,Receivable Invoice,Sales - Light Walls,Light Walls,1320.0,1,0
Light Walls Ltd,QU-LW-1025,2022-07-18,2022,,,Cinema Partners,Cinema Partners,Receivable Invoice,Sales - Light Walls,Light Walls,1312.0,1,0
Light Walls Ltd,QU-LW-1025,2022-07-18,2022,,,Cinema Partners,Cinema Partners,Receivable Invoice,Sales - Light Walls,Light Walls,187.5,1,0
Light Walls Ltd,QU-LW-1025,2022-07-18,2022,,,Cinema Partners,Cinema Partners,Receivable Invoice,Sales - Light Walls,Light Walls,480.0,1,0
Light Walls Ltd,QU-LW-1025,2022-07-18,2022,,,Cinema Partners,Cinema Partners,Receivable Invoice,Sales - Light Walls,Light Walls,406.04,1,0
Light Walls Ltd,QU-LW-1025,2022-07-18,2022,,,Cinema Partners,Cinema Partners,Receivable Invoice,Sales - Light Walls,Light Walls,250.0,1,0
Light Walls Ltd,QU-LW-1025,2022-07-18,2022,,,Cinema Partners,Cinema Partners,Receivable Invoice,Sales - Light Walls,Light Walls,450.0,1,0
Light Walls Ltd,QU-LW-1025,2022-07-18,2022,,,Cinema Partners,Cinema Partners,Receivable Invoice,Sales - Light Walls,Light Walls,900.0,1,0
Light Walls Ltd,QU-LW-1025,2022-07-18,2022,,,Cinema Partners,Cinema Partners,Receivable Invoice,Sales - Light Walls,Light Walls,550.0,1,0
Light Walls Ltd,QU-LW-1025,2022-07-18,2022,,,Cinema Partners,Cinema Partners,Receivable Invoice,Sales - Light Walls,Light Walls,500.0,1,0
Light Walls Ltd,QU-LW-1017,2022-01-25,2022,,,Cinemas and Control,Cinemas and Control,Receivable Invoice,Sales - Protopixel,Protopixel,1160.71,1,0
Light Walls Ltd,QU-LW-1017,2022-01-25,2022,,,Cinemas and Control,Cinemas and Control,Receivable Invoice,Sales - Protopixel,Protopixel,4290.0,1,0
Light Walls Ltd,QU-LW-1017,2022-01-25,2022,,,Cinemas and Control,Cinemas and Control,Receivable Invoice,Sales - Light Walls,Light Walls,100.0,1,0
Light Walls Ltd,QU-LW-1017,2022-01-25,2022,,,Cinemas and Control,Cinemas and Control,Receivable Invoice,Sales - Light Walls,Light Walls,7878.0,1,0
Light Walls Ltd,QU-LW-1017,2022-01-25,2022,,,Cinemas and Control,Cinemas and Control,Receivable Invoice,Sales - Light Walls,Light Walls,400.0,1,0
Light Walls Ltd,QU-LW-1017,2022-01-25,2022,,,Cinemas and Control,Cinemas and Control,Receivable Invoice,Sales - Light Walls,Light Walls,300.0,1,0
Light Walls Ltd,QU-LW-1017,2022-01-25,2022,,,Cinemas and Control,Cinemas and Control,Receivable Invoice,Sales - Light Walls,Light Walls,680.0,1,0
Light Walls Ltd,QU-LW-1017,2022-01-25,2022,,,Cinemas and Control,Cinemas and Control,Receivable Invoice,Sales - Light Walls,Light Walls,360.0,1,0
Light Walls Ltd,QU-LW-1017,2022-01-25,2022,,,Cinemas and Control,Cinemas and Control,Receivable Invoice,Sales - Light Walls,Light Walls,150.0,1,0
Light Walls Ltd,QU-LW-1017,2022-01-25,2022,,,Cinemas and Control,Cinemas and Control,Receivable Invoice,Sales - Light Walls,Light Walls,520.0,1,0
Light Walls Ltd,QU-LW-1017,2022-01-25,2022,,,Cinemas and Control,Cinemas and Control,Receivable Invoice,Sales - Light Walls,Light Walls,100.0,1,0
Light Walls Ltd,QU-LW-1017,2022-02-17,2022,,,Cinemas and Control,Cinemas and Control,Receivable Credit Note,Sales - Light Walls,Light Walls,-159.0,1,0
Light Walls Ltd,INV-LW-1058,2022-02-17,2022,,,Cinemas and Control,Cinemas and Control,Receivable Invoice,Sales - Light Walls,Light Walls,900.0,1,0
Light Walls Ltd,INV-LW-1058,2022-02-17,2022,,,Cinemas and Control,Cinemas and Control,Receivable Invoice,Sales - Light Walls,Light Walls,75.0,1,0
Light Walls Ltd,INV-LW-1144,2023-12-01,2023,,,Complete-ATS,Complete-ATS,Receivable Invoice,Sales,Sales,221.8,1,0
Light Walls Ltd,PO#103878,2021-10-18,2021,,,D&MS,D&MS,Receivable Invoice,Sales - Light Walls,Light Walls,8360.0,1,0
Light Walls Ltd,ch_1Iak5QCRtEyavs3CxyVQPzDg,2021-03-30,2021,,,DaiSpark Ltd,DaiSpark Ltd,Receive Money,Other Revenue,Other Revenue,23.62,0,0
Light Walls Ltd,Garage Test Kit,2021-03-30,2021,,,DaiSpark Ltd,DaiSpark Ltd,Receivable Invoice,Sales - Protopixel,Protopixel,1160.71,1,0
Light Walls Ltd,Garage Test Kit,2021-03-30,2021,,,DaiSpark Ltd,DaiSpark Ltd,Receivable Invoice,Sales - Protopixel,Protopixel,214.29,1,0
Light Walls Ltd,Garage Test Kit,2021-03-30,2021,,,DaiSpark Ltd,DaiSpark Ltd,Receivable Invoice,Sales,Sales,112.15,1,0
Light Walls Ltd,Garage Test Kit,2021-03-30,2021,,,DaiSpark Ltd,DaiSpark Ltd,Receivable Invoice,Sales - Light Walls,Light Walls,200.0,1,0
Light Walls Ltd,INV-0457,2021-10-04,2021,,,Display Technologies Limited,Display Technologies Ltd,Payable Invoice,Sales - Light Walls,Light Walls,-3000.0,0,1
Light Walls Ltd,INV-LW-1065,2022-03-11,2022,,,Display Technologies Limited,Display Technologies Ltd,Receivable Invoice,Sales,Sales,1035.83,1,1
Light Walls Ltd,Shipping Recharge,2022-04-29,2022,,,Display Technologies Limited,Display Technologies Ltd,Receivable Invoice,Other Revenue,Other Revenue,780.73,0,1
Light Walls Ltd,Shipping Recharge,2022-04-29,2022,,,Display Technologies Limited,Display Technologies Ltd,Receivable Invoice,Other Revenue,Other Revenue,444.83,0,1
Light Walls Ltd,INV-LW-1086,2022-10-10,2022,,,Display Technologies Limited,Display Technologies Ltd,Receivable Invoice,Sales,Sales,768.4,1,1
Light Walls Ltd,INV-LW-1086,2022-10-10,2022,,,Display Technologies Limited,Display Technologies Ltd,Receivable Invoice,Sales,Sales,961.66,1,1
Light Walls Ltd,INV-LW-1086,2022-10-10,2022,,,Display Technologies Limited,Display Technologies Ltd,Receivable Invoice,Sales,Sales,1124.16,1,1
Light Walls Ltd,INV-LW-1086,2022-10-10,2022,,,Display Technologies Limited,Display Technologies Ltd,Receivable Invoice,Sales,Sales,745.9,1,1
Light Walls Ltd,INV-LW-1086,2022-10-10,2022,,,Display Technologies Limited,Display Technologies Ltd,Receivable Invoice,Sales,Sales,1941.27,1,1
Light Walls Ltd,INV-LW-1098,2022-11-18,2022,,,Display Technologies Limited,Display Technologies Ltd,Receivable Invoice,Sales,Sales,563.68,1,1
Light Walls Ltd,INV-LW-1107,2023-02-14,2023,,,Display Technologies Limited,Display Technologies Ltd,Receivable Invoice,Sales,Sales,862.13,1,1
Light Walls Ltd,INV-LW-1107,2023-02-14,2023,,,Display Technologies Limited,Display Technologies Ltd,Receivable Invoice,Sales,Sales,768.43,1,1
Light Walls Ltd,INV-LW-1107,2023-02-14,2023,,,Display Technologies Limited,Display Technologies Ltd,Receivable Invoice,Sales,Sales,513.94,1,1
Light Walls Ltd,INV-LW-1117,2023-05-31,2023,,,Display Technologies Limited,Display Technologies Ltd,Receivable Invoice,Sales,Sales,605.88,1,1
Light Walls Ltd,2147,2023-07-06,2023,,,Display Technologies Limited,Display Technologies Ltd,Payable Invoice,Sales - Light Walls,Light Walls,-1650.0,0,1
Light Walls Ltd,INV-LW-1128,2023-09-18,2023,,,Display Technologies Limited,Display Technologies Ltd,Receivable Invoice,Sales,Sales,416.01,1,1
Light Walls Ltd,INV-LW-1128,2023-09-18,2023,,,Display Technologies Limited,Display Technologies Ltd,Receivable Invoice,Sales,Sales,516.0,1,1
Light Walls Ltd,INV-LW-1128,2023-09-18,2023,,,Display Technologies Limited,Display Technologies Ltd,Receivable Invoice,Sales,Sales,414.46,1,1
Light Walls Ltd,INV-LW-1128,2023-09-18,2023,,,Display Technologies Limited,Display Technologies Ltd,Receivable Invoice,Sales,Sales,489.42,1,1
Light Walls Ltd,INV-LW-1141,2023-12-01,2023,,,Display Technologies Limited,Display Technologies Ltd,Receivable Invoice,Sales,Sales,933.73,1,1
Light Walls Ltd,INV-LW-1141,2023-12-01,2023,,,Display Technologies Limited,Display Technologies Ltd,Receivable Invoice,Sales,Sales,329.74,1,1
Light Walls Ltd,INV-LW-1054,2021-01-12,2021,,,Dzyn Ltd,Dzyn Ltd,Receivable Invoice,Sales,Sales,928.32,1,1
Light Walls Ltd,INV-LW-1055,2021-02-09,2021,,,Dzyn Ltd,Dzyn Ltd,Receivable Invoice,Sales,Sales,928.32,1,1
Light Walls Ltd,INV-LW-1084,2021-09-01,2021,,,Dzyn Ltd,Dzyn Ltd,Receivable Invoice,Sales - Light Walls,Light Walls,915.99,1,1
Light Walls Ltd,Test Charge,2021-01-11,2021,,,Hugo Fitzjohn,Hugo Fitzjohn,Receivable Invoice,Sales,Sales,0.83,1,0
Light Walls Ltd,ch_1I8TgpCRtEyavs3CsHr7spvp,2021-01-11,2021,,,Hugo Fitzjohn,Hugo Fitzjohn,Receive Money,Other Revenue,Other Revenue,0.01,0,0
Light Walls Ltd,Stoke Park,2022-06-14,2022,,,INT3 Ltd,INT3 Ltd,Receivable Invoice,Sales - Light Walls,Light Walls,1593.75,1,0
Light Walls Ltd,Stoke Park,2022-06-14,2022,,,INT3 Ltd,INT3 Ltd,Receivable Invoice,Sales - Light Walls,Light Walls,100.0,1,0
Light Walls Ltd,Stoke Park,2022-06-14,2022,,,INT3 Ltd,INT3 Ltd,Receivable Invoice,Sales - Protopixel,Protopixel,202.0,1,0
Light Walls Ltd,Stoke Park,2022-06-14,2022,,,INT3 Ltd,INT3 Ltd,Receivable Invoice,Sales - Protopixel,Protopixel,3800.0,1,0
Light Walls Ltd,Stoke Park,2022-06-14,2022,,,INT3 Ltd,INT3 Ltd,Receivable Invoice,Sales - Light Walls,Light Walls,1160.0,1,0
Light Walls Ltd,INV-LW-1091,2022-08-01,2022,,,INT3 Ltd,INT3 Ltd,Receivable Invoice,Sales - Light Walls,Light Walls,8333.33,1,0
Light Walls Ltd,INV-LW-1085,2022-10-10,2022,,,INT3 Ltd,INT3 Ltd,Receivable Invoice,Sales,Sales,249.28,1,0
Light Walls Ltd,INV-LW-1085,2022-10-10,2022,,,INT3 Ltd,INT3 Ltd,Receivable Invoice,Sales,Sales,76.65,1,0
Light Walls Ltd,INV-LW-1085,2022-10-10,2022,,,INT3 Ltd,INT3 Ltd,Receivable Invoice,Sales,Sales,1718.18,1,0
Light Walls Ltd,INV-LW-1085,2022-10-10,2022,,,INT3 Ltd,INT3 Ltd,Receivable Invoice,Sales,Sales,63.85,1,0
Light Walls Ltd,INV-LW-1108,2023-02-14,2023,,,INT3 Ltd,INT3 Ltd,Receivable Invoice,Sales,Sales,66.73,1,0
Light Walls Ltd,INV-LW-1108,2023-02-14,2023,,,INT3 Ltd,INT3 Ltd,Receivable Invoice,Sales,Sales,647.06,1,0
Light Walls Ltd,INV-LW-1108,2023-02-14,2023,,,INT3 Ltd,INT3 Ltd,Receivable Invoice,Sales,Sales,321.2,1,0
Light Walls Ltd,INV-LW-1136,2023-04-02,2023,,,INT3 Ltd,INT3 Ltd,Receivable Invoice,Sales - Light Walls,Light Walls,4166.67,1,0
Light Walls Ltd,INV-LW-1137,2023-05-18,2023,,,INT3 Ltd,INT3 Ltd,Receivable Invoice,Sales - Light Walls,Light Walls,4166.67,1,0
Light Walls Ltd,INV-LW-1118,2023-05-31,2023,,,INT3 Ltd,INT3 Ltd,Receivable Invoice,Sales,Sales,58.54,1,0
Light Walls Ltd,INV-LW-1129,2023-09-18,2023,,,INT3 Ltd,INT3 Ltd,Receivable Invoice,Sales,Sales,12.91,1,0
Light Walls Ltd,INV-LW-1129,2023-09-18,2023,,,INT3 Ltd,INT3 Ltd,Receivable Invoice,Sales,Sales,77.44,1,0
Light Walls Ltd,INV-LW-1129,2023-09-18,2023,,,INT3 Ltd,INT3 Ltd,Receivable Invoice,Sales,Sales,39.73,1,0
Light Walls Ltd,INV-LW-1134,2023-10-24,2023,,,INT3 Ltd,INT3 Ltd,Receivable Invoice,Sales - Light Walls,Light Walls,5293.15,1,0
Light Walls Ltd,INV-LW-1138,2023-11-07,2023,,,INT3 Ltd,INT3 Ltd,Receivable Invoice,Sales - Light Walls,Light Walls,833.33,1,0
Light Walls Ltd,INV-LW-1143,2023-12-01,2023,,,INT3 Ltd,INT3 Ltd,Receivable Invoice,Sales,Sales,251.98,1,0
Light Walls Ltd,INV-LW-1143,2023-12-01,2023,,,INT3 Ltd,INT3 Ltd,Receivable Invoice,Sales,Sales,83.84,1,0
Light Walls Ltd,INV-LW-1143,2023-12-01,2023,,,INT3 Ltd,INT3 Ltd,Receivable Invoice,Sales,Sales,342.06,1,0
Light Walls Ltd,INV-LW-1148,2023-12-20,2023,,,INT3 Ltd,INT3 Ltd,Receivable Invoice,Sales,Sales,1666.67,1,0
Light Walls Ltd,INV-LW-1050,2022-01-20,2022,,,Jay Singh,Jay Singh,Receivable Invoice,Sales,Sales,825.0,1,0
Light Walls Ltd,ch_3KK0IDCRtEyavs3C17fs8Q2u,2022-01-20,2022,,,Jay Singh,Jay Singh,Receive Money,Other Revenue,Other Revenue,11.55,0,0
Light Walls Ltd,QU-LW-1028,2022-07-18,2022,,,Kingsted Audio Visual,Kingsted Audio Visual,Receivable Invoice,Sales - Light Walls,Light Walls,1113.75,1,0
Light Walls Ltd,QU-LW-1028,2022-07-18,2022,,,Kingsted Audio Visual,Kingsted Audio Visual,Receivable Invoice,Sales - Light Walls,Light Walls,1134.0,1,0
Light Walls Ltd,QU-LW-1028,2022-07-18,2022,,,Kingsted Audio Visual,Kingsted Audio Visual,Receivable Invoice,Sales - Protopixel,Protopixel,2424.0,1,0
Light Walls Ltd,QU-LW-1028,2022-07-18,2022,,,Kingsted Audio Visual,Kingsted Audio Visual,Receivable Invoice,Sales - Light Walls,Light Walls,5700.0,1,0
Light Walls Ltd,QU-LW-1028,2022-07-18,2022,,,Kingsted Audio Visual,Kingsted Audio Visual,Receivable Invoice,Sales - Light Walls,Light Walls,90.0,1,0
Light Walls Ltd,QU-LW-1028,2022-07-18,2022,,,Kingsted Audio Visual,Kingsted Audio Visual,Receivable Invoice,Sales - Light Walls,Light Walls,187.5,1,0
Light Walls Ltd,QU-LW-1028,2022-07-18,2022,,,Kingsted Audio Visual,Kingsted Audio Visual,Receivable Invoice,Sales - Light Walls,Light Walls,840.0,1,0
Light Walls Ltd,QU-LW-1028,2022-07-18,2022,,,Kingsted Audio Visual,Kingsted Audio Visual,Receivable Invoice,Sales - Light Walls,Light Walls,120.0,1,0
Light Walls Ltd,QU-LW-1028,2022-07-18,2022,,,Kingsted Audio Visual,Kingsted Audio Visual,Receivable Invoice,Sales - Light Walls,Light Walls,294.0,1,0
Light Walls Ltd,QU-LW-1028,2022-07-18,2022,,,Kingsted Audio Visual,Kingsted Audio Visual,Receivable Invoice,Sales - Light Walls,Light Walls,337.5,1,0
Light Walls Ltd,INV-LW-1083,2022-09-05,2022,,,Kingsted Audio Visual,Kingsted Audio Visual,Receivable Invoice,Sales - Light Walls,Light Walls,833.33,1,0
Light Walls Ltd,INV-LW-1083,2022-09-05,2022,,,Kingsted Audio Visual,Kingsted Audio Visual,Receivable Invoice,Sales - Light Walls,Light Walls,41.67,1,0
Light Walls Ltd,QU-LW-1032,2022-11-07,2022,,,Kingsted Audio Visual,Kingsted Audio Visual,Receivable Invoice,Sales - Light Walls,Light Walls,93.75,1,0
Light Walls Ltd,QU-LW-1032,2022-11-07,2022,,,Kingsted Audio Visual,Kingsted Audio Visual,Receivable Invoice,Sales - Light Walls,Light Walls,70.0,1,0
Light Walls Ltd,QU-LW-1032,2022-11-07,2022,,,Kingsted Audio Visual,Kingsted Audio Visual,Receivable Invoice,Sales - Light Walls,Light Walls,93.75,1,0
Light Walls Ltd,QU-LW-1032,2022-11-07,2022,,,Kingsted Audio Visual,Kingsted Audio Visual,Receivable Invoice,Sales - Light Walls,Light Walls,70.0,1,0
Light Walls Ltd,QU-LW-1032,2022-11-07,2022,,,Kingsted Audio Visual,Kingsted Audio Visual,Receivable Invoice,Sales - Light Walls,Light Walls,93.75,1,0
Light Walls Ltd,QU-LW-1032,2022-11-07,2022,,,Kingsted Audio Visual,Kingsted Audio Visual,Receivable Invoice,Sales - Light Walls,Light Walls,70.0,1,0
Light Walls Ltd,QU-LW-1032,2022-11-07,2022,,,Kingsted Audio Visual,Kingsted Audio Visual,Receivable Invoice,Sales - Light Walls,Light Walls,253.13,1,0
Light Walls Ltd,QU-LW-1032,2022-11-07,2022,,,Kingsted Audio Visual,Kingsted Audio Visual,Receivable Invoice,Sales - Light Walls,Light Walls,200.0,1,0
Light Walls Ltd,QU-LW-1032,2022-11-07,2022,,,Kingsted Audio Visual,Kingsted Audio Visual,Receivable Invoice,Sales - Light Walls,Light Walls,100.0,1,0
Light Walls Ltd,QU-LW-1032,2022-11-07,2022,,,Kingsted Audio Visual,Kingsted Audio Visual,Receivable Invoice,Sales - Protopixel,Protopixel,1900.0,1,0
Light Walls Ltd,QU-LW-1032,2022-11-07,2022,,,Kingsted Audio Visual,Kingsted Audio Visual,Receivable Invoice,Sales - Light Walls,Light Walls,281.25,1,0
Light Walls Ltd,QU-LW-1032,2022-11-07,2022,,,Kingsted Audio Visual,Kingsted Audio Visual,Receivable Invoice,Sales - Light Walls,Light Walls,2025.0,1,0
Light Walls Ltd,QU-LW-1032,2022-11-07,2022,,,Kingsted Audio Visual,Kingsted Audio Visual,Receivable Invoice,Sales - Light Walls,Light Walls,187.5,1,0
Light Walls Ltd,QU-LW-1032,2022-11-07,2022,,,Kingsted Audio Visual,Kingsted Audio Visual,Receivable Invoice,Sales - Light Walls,Light Walls,70.0,1,0
Light Walls Ltd,QU-LW-1032,2022-11-07,2022,,,Kingsted Audio Visual,Kingsted Audio Visual,Receivable Invoice,Sales - Light Walls,Light Walls,400.0,1,0
Light Walls Ltd,INV-LW-1125,2023-08-17,2023,,,Kingsted Audio Visual,Kingsted Audio Visual,Receivable Invoice,Sales - Light Walls,Light Walls,168.75,1,0
Light Walls Ltd,INV-LW-1125,2023-08-17,2023,,,Kingsted Audio Visual,Kingsted Audio Visual,Receivable Invoice,Sales - Light Walls,Light Walls,4.17,1,0
Light Walls Ltd,PO7557,2022-06-23,2022,,,New Wave AV,New Wave AV,Receivable Invoice,Sales - Light Walls,Light Walls,567.0,1,0
Light Walls Ltd,PO7557,2022-06-23,2022,,,New Wave AV,New Wave AV,Receivable Invoice,Sales - Light Walls,Light Walls,810.0,1,0
Light Walls Ltd,PO7557,2022-06-23,2022,,,New Wave AV,New Wave AV,Receivable Invoice,Sales - Light Walls,Light Walls,672.0,1,0
Light Walls Ltd,PO7557,2022-06-23,2022,,,New Wave AV,New Wave AV,Receivable Invoice,Sales - Protopixel,Protopixel,2424.0,1,0
Light Walls Ltd,PO7557,2022-06-23,2022,,,New Wave AV,New Wave AV,Receivable Invoice,Sales - Protopixel,Protopixel,2850.0,1,0
Light Walls Ltd,PO7557,2022-06-23,2022,,,New Wave AV,New Wave AV,Receivable Invoice,Sales - Light Walls,Light Walls,120.0,1,0
Light Walls Ltd,PO7557,2022-06-23,2022,,,New Wave AV,New Wave AV,Receivable Invoice,Sales - Light Walls,Light Walls,187.5,1,0
Light Walls Ltd,PO7557,2022-06-23,2022,,,New Wave AV,New Wave AV,Receivable Invoice,Sales - Light Walls,Light Walls,225.0,1,0
Light Walls Ltd,PO7598,2022-07-12,2022,,,New Wave AV,New Wave AV,Receivable Invoice,Sales - Light Walls,Light Walls,336.0,1,0
Light Walls Ltd,PO-7612,2022-08-22,2022,,,New Wave AV,New Wave AV,Receivable Invoice,Sales - Light Walls,Light Walls,735.0,1,0
Light Walls Ltd,INV-LW-1003,2020-12-09,2020,,,ProtoPixel SL,ProtoPixel SL,Receivable Invoice,Sales,Sales,1813.0,1,0
Light Walls Ltd,INV-LW-1003,2020-12-09,2020,,,ProtoPixel SL,ProtoPixel SL,Receivable Invoice,Sales,Sales,100.0,1,0
Light Walls Ltd,INV-LW-1003,2020-12-09,2020,,,ProtoPixel SL,ProtoPixel SL,Receivable Invoice,Sales,Sales,374.25,1,0
Light Walls Ltd,INV-LW-1003,2020-12-09,2020,,,ProtoPixel SL,ProtoPixel SL,Receivable Invoice,Sales,Sales,172.5,1,0
Light Walls Ltd,INV-LW-1003,2020-12-09,2020,,,ProtoPixel SL,ProtoPixel SL,Receivable Invoice,Sales,Sales,460.0,1,0
Light Walls Ltd,ch_1IBjnwCRtEyavs3Cvc4X3dPy,2021-01-20,2021,,,ProtoPixel SL,ProtoPixel SL,Receive Money,Other Revenue,Other Revenue,34.07,0,0
Light Walls Ltd,A-484,2021-03-24,2021,,,ProtoPixel SL,ProtoPixel SL,Payable Invoice,Sales - Protopixel,Protopixel,-1294.73,0,0
Light Walls Ltd,A-484,2021-03-24,2021,,,ProtoPixel SL,ProtoPixel SL,Payable Invoice,Sales - Protopixel,Protopixel,-233.05,0,0
Light Walls Ltd,PO-15,2021-08-05,2021,,,ProtoPixel SL,ProtoPixel SL,Receivable Invoice,Sales,Sales,3300.0,1,0
Light Walls Ltd,PO-15,2021-08-05,2021,,,ProtoPixel SL,ProtoPixel SL,Receivable Invoice,Sales - Protopixel,Protopixel,-2070.0,1,0
Light Walls Ltd,PO-15,2021-08-05,2021,,,ProtoPixel SL,ProtoPixel SL,Receivable Invoice,Sales,Sales,260.0,1,0
Light Walls Ltd,PO394,2022-11-16,2022,,,ProtoPixel SL,ProtoPixel SL,Receivable Invoice,Sales - Light Walls,Light Walls,2310.0,1,0
Light Walls Ltd,PO394,2022-11-16,2022,,,ProtoPixel SL,ProtoPixel SL,Receivable Invoice,Sales - Light Walls,Light Walls,330.0,1,0
Light Walls Ltd,PO394,2022-11-16,2022,,,ProtoPixel SL,ProtoPixel SL,Receivable Invoice,Other Revenue,Other Revenue,16.67,0,0
Light Walls Ltd,INV-LW-1033,2021-09-01,2021,,,Qube Integration,Qube Integration,Receivable Invoice,Sales - Protopixel,Protopixel,1160.71,1,0
Light Walls Ltd,INV-LW-1033,2021-09-01,2021,,,Qube Integration,Qube Integration,Receivable Invoice,Sales - Protopixel,Protopixel,428.58,1,0
Light Walls Ltd,INV-LW-1033,2021-09-01,2021,,,Qube Integration,Qube Integration,Receivable Invoice,Sales - Light Walls,Light Walls,300.0,1,0
Light Walls Ltd,INV-LW-1033,2021-09-01,2021,,,Qube Integration,Qube Integration,Receivable Invoice,Sales - Light Walls,Light Walls,153.64,1,0
Light Walls Ltd,ch_3JUuFfCRtEyavs3C0E0DyKtd,2021-09-01,2021,,,Qube Integration,Qube Integration,Receive Money,Other Revenue,Other Revenue,23.83,0,0
Light Walls Ltd,Demo Cinema,2021-01-08,2021,,,R.M.C. London Ltd,R.M.C. London Ltd,Receivable Invoice,Sales,Sales,522.77,1,0
Light Walls Ltd,Demo Cinema,2021-01-08,2021,,,R.M.C. London Ltd,R.M.C. London Ltd,Receivable Invoice,Sales,Sales,1227.54,1,0
Light Walls Ltd,Demo Cinema,2021-01-08,2021,,,R.M.C. London Ltd,R.M.C. London Ltd,Receivable Invoice,Sales,Sales,274.5,1,0
Light Walls Ltd,Demo Cinema,2021-01-08,2021,,,R.M.C. London Ltd,R.M.C. London Ltd,Receivable Invoice,Sales - Protopixel,Protopixel,638.94,1,0
Light Walls Ltd,Demo Cinema,2021-01-08,2021,,,R.M.C. London Ltd,R.M.C. London Ltd,Receivable Invoice,Sales,Sales,1500.33,1,0
Light Walls Ltd,Demo Cinema,2021-01-08,2021,,,R.M.C. London Ltd,R.M.C. London Ltd,Receivable Invoice,Sales,Sales,335.5,1,0
Light Walls Ltd,ch_1IQxodCRtEyavs3CxzbnSnN5,2021-03-03,2021,,,Smart Living Designs Ltd,Smart Living Designs Ltd,Receive Money,Other Revenue,Other Revenue,4.4,0,0
Light Walls Ltd,ProtoPixel Test Kit,2021-03-03,2021,,,Smart Living Designs Ltd,Smart Living Designs Ltd,Receivable Invoice,Sales - Protopixel,Protopixel,214.29,1,0
Light Walls Ltd,ProtoPixel Test Kit,2021-03-03,2021,,,Smart Living Designs Ltd,Smart Living Designs Ltd,Receivable Invoice,Sales - Light Walls,Light Walls,100.0,1,0
Light Walls Ltd,Outdoor Matrix Panel Test,2021-06-09,2021,,,SMC,SMC,Receivable Invoice,Sales,Sales,1500.0,1,0
Light Walls Ltd,INV-LW-1154,2026-03-31,2026,,,SRND Group Ltd,SRND Group Ltd,Receivable Invoice,Sales - Protopixel,Protopixel,18463.0,1,1
Light Walls Ltd,,2024-01-29,2024,,,UNKNOWN_CONTACT,UNKNOWN_CONTACT,Receive Money,Other Revenue,Other Revenue,11.92,0,0
Light Walls Ltd,Harker Hill Cinema,2021-11-15,2021,,,Wakefields Smarter Home Technology ltd,Wakefields Smarter Home Technology ltd,Receivable Invoice,Sales - Protopixel,Protopixel,1102.67,1,0
Light Walls Ltd,Harker Hill Cinema,2021-11-15,2021,,,Wakefields Smarter Home Technology ltd,Wakefields Smarter Home Technology ltd,Receivable Invoice,Sales - Light Walls,Light Walls,1357.14,1,0
Light Walls Ltd,Harker Hill Cinema,2021-11-15,2021,,,Wakefields Smarter Home Technology ltd,Wakefields Smarter Home Technology ltd,Receivable Invoice,Sales - Protopixel,Protopixel,135.72,1,0
Light Walls Ltd,Harker Hill Cinema,2021-11-15,2021,,,Wakefields Smarter Home Technology ltd,Wakefields Smarter Home Technology ltd,Receivable Invoice,Sales,Sales,237.5,1,0
Light Walls Ltd,Harker Hill Cinema,2021-11-15,2021,,,Wakefields Smarter Home Technology ltd,Wakefields Smarter Home Technology ltd,Receivable Invoice,Sales - Light Walls,Light Walls,190.0,1,0
Light Walls Ltd,Harker Hill Cinema,2021-11-15,2021,,,Wakefields Smarter Home Technology ltd,Wakefields Smarter Home Technology ltd,Receivable Invoice,Sales,Sales,12825.0,1,0
Light Walls Ltd,Harker Hill Cinema,2021-11-15,2021,,,Wakefields Smarter Home Technology ltd,Wakefields Smarter Home Technology ltd,Receivable Invoice,Sales - Light Walls,Light Walls,1852.5,1,0
Light Walls Ltd,Harker Hill Cinema,2021-11-15,2021,,,Wakefields Smarter Home Technology ltd,Wakefields Smarter Home Technology ltd,Receivable Invoice,Sales - Light Walls,Light Walls,592.8,1,0
Light Walls Ltd,Harker Hill Cinema,2021-11-15,2021,,,Wakefields Smarter Home Technology ltd,Wakefields Smarter Home Technology ltd,Receivable Invoice,Sales - Light Walls,Light Walls,2375.0,1,0
Light Walls Ltd,Harker Hill Cinema,2021-11-15,2021,,,Wakefields Smarter Home Technology ltd,Wakefields Smarter Home Technology ltd,Receivable Invoice,Sales - Light Walls,Light Walls,570.0,1,0
Light Walls Ltd,Harker Hill Cinema,2021-11-15,2021,,,Wakefields Smarter Home Technology ltd,Wakefields Smarter Home Technology ltd,Receivable Invoice,Sales,Sales,921.5,1,0
Light Walls Ltd,INV-LW-1072,2022-05-04,2022,,,Wakefields Smarter Home Technology ltd,Wakefields Smarter Home Technology ltd,Receivable Invoice,Sales - Light Walls,Light Walls,11410.0,1,0
