Subitems,Name,Owner,Status,Sub Deal ID,Description,Value,Expected Invoice Date,Quotes & Invoices,Notes,col,col_2,col_3,col_4,col_5,col_6,col_7,col_8,board_group,parent_item
,Acoustic treatment,Olivier Dedek,Proposal,,C-ATS with basic design based on 8 x 6m room,16890,,,Will be included in the final offer,,,,,,,,,Active Deals,Mr Bird Cinema
,Screen Wall,Olivier Dedek,Proposal,,"6 x 3,56m",14566,,,Will be included in the final offer,,,,,,,,,Active Deals,Mr Bird Cinema
,Video,Olivier Dedek,Proposal,,DT MMD-V-XL for Freya AE,21918.6,,,Will be included in the final offer,,,,,,,,,Active Deals,Mr Bird Cinema
,Custom IP rated HB-M,Olivier Dedek,Proposal,,Custom stainless steel housing to the size requested.,10400,,,,,,,,,,,,Active Deals,ABE6516 Hush Box
,Engineering fee,Olivier Dedek,Complete,,Non refundable 20% deposit,2080,,,,,,,,,,,,Active Deals,ABE6516 Hush Box
,Acoustic treatment,Olivier Dedek,Proposal,,DES-B + 11x RES + 10x REV + 7x REF,16890,,,,,,,,,,,,Active Deals,Cinema Hungary
,Room fit-out,Olivier Dedek,Proposal,,SW + Paris with Starlight + Aspen + Enhanced Design,134747.5,,,,,,,,,,,,Active Deals,Cinema Hungary
,Lighting HW,Olivier Dedek,Proposal,,Advatek x6 + 1U server,5683,,,,,,,,,,,,Active Deals,Cinema Hungary
,Services,Olivier Dedek,Proposal,,Engineering + Pixel mapping,2400,,,,,,,,,,,,Active Deals,Cinema Hungary
,C-ATS,Olivier Dedek,Proposal,,Basic Design Service + 11x RES + 10x REV + 7x REF,16890,,,,,,,,,,,,Active Deals,Project Galileo
,SW,Olivier Dedek,Proposal,,"6,3x2,7m",11599.25,,,,,,,,,,,,Active Deals,Project Galileo
,Projection option A,Olivier Dedek,Proposal,,Heimdal+ CS + MadVR Extreme. + MMD + DYN-2S-420,73109.1,,,,,,,,,,,,Active Deals,Project Galileo
,Design fee,Olivier Dedek,Proposal,,15% of the PC Sum,2880,,,,,,,,,,,,Active Deals,Musée de la Tapisserie de Bayeux
,4K Infinity Cinema Wall,Olivier Dedek,Proposal,,,,,,,,,,,,,,,Active Deals,4K LED Wall
,SW + POM,Olivier Dedek,Proposal,,,,,,,,,,,,,,,Active Deals,4K LED Wall
,Installation support + commissioning and calibration,,Proposal,,,,,,,,,,,,,,,Active Deals,4K LED Wall
,3x VMM-XXL,Olivier Dedek,Proposal,,10% discount,16768.62,,,For a Christie 4K1600-JS with 140-111104-XX lens.,,,,,,,,,Active Deals,Ballroom project
,9x PHG-1,Olivier Dedek,Proposal,,10% discount,14302.98,,,,,,,,,,,,Active Deals,Ballroom project
,,,,4133340.2,,,2026-05-15 to 2026-10-30,27.6923076923,594410.65,2025-10-15 to 2026-07-27,,,,2025-07-14 to 2026-06-10,,,,Active Deals,"Cinema Pro 75"""
,VDS 0.7 4x4 LED wall,,Proposal,,"Option B: VDS (MG2 COB Ultra) 0.7pp | 4x4 cabinet format | 3072*1728 | 2.4m x 1.35m | 108"" (5% spares +
puck wall mount included)",52800,,,,,,,,,,,,Closed Won,Bishops Lane
,VDS 0.7 5x4 LED wall,,Proposal,,"Option B: VDS (MG2 COB Ultra) 0.7pp | 5x4 cabinet format | 3840*1728 | 3m x 1.35m | 129.5"" (5% spares +
puck wall mount included)",66000,,,,,,,,,,,,Closed Won,Bishops Lane
,LED wall controllers,,Proposal,,Z8t colorlight controller with a HDMI 2.1 input (2x 4x 5G outputs and 3-in-1 input card),48320,,,,,,,,,,,,Closed Won,Bishops Lane
,Gold Install VDS,,Proposal,,For both screens,8800,,,,,,,,,,,,Closed Won,Bishops Lane
,Sound Isolation Design,,Agreed,,"Project Deliverables:
1.	Initial plan showing estimated wall thickness post isolation for mock up purposes – we can deliver this drawing quickly
2.	Isolation build guild with relevant generic detail drawings for each isolation element
3.	Project drawings with call outs to the relevant detail drawings
4.	Bill of Materials – this will be based on materials we use in the UK with the expectation of a review to identify if Canadian equivalents are required – 4 hours built in for this review
5.	8 hours of post delivery support in meetings or re-drafts. Further works beyond that are charged at £100+VAT per hour",7500,,,,,,,,,,,,Closed Won,Bishops Lane
,Acoustic treatment Design,,Agreed,,Basic,3000,,,,,,,,,,,,Closed Won,Bishops Lane
,Komodo 0.7 7x5 Media Room,,Proposal,,"Option A: Komodo 0.7pp | 7x5 cabinet format | 4480*1800 | 3.36m x 1.35m | 185"" (5% spares + puck wall mount included)",307200,,,,,,,,,,,,Closed Won,Bishops Lane
,Komodo 0.7 5x5 Sunken TV Pit,,Proposal,,"Option A: Komodo 0.7pp | 5x5 cabinet format | 3200*1800 | 2.4m x 1.35m | 120"" (5% spares + puck wall mount included)",220000,,,,,,,,,,,,Closed Won,Bishops Lane
,SW-LED Media Room,,Proposal,,,8183.5,,,,,,,,,,,,Closed Won,Bishops Lane
,SW-LED Sunken TV Pit,,Proposal,,Freestanding,4719,,,,,,,,,,,,Closed Won,Bishops Lane
,Gold Install Komodo MR,,Proposal,,,10000,,,,,,,,,,,,Closed Won,Bishops Lane
,Gold Install Komodo STV,,Proposal,,,7200,,,,,,,,,,,,Closed Won,Bishops Lane
,DYN-2TB-XL-600 split rollers,Olivier Dedek,Proposal,,5900 image base 1.78 - ATStudio,25868.7,,,,,,,,,,,,Closed Won,Project REV
,Guided Installation,Olivier Dedek,Proposal,,2 DT engineers onsite,3000,,,,,,,,,,,,Closed Won,Project REV
,Travel and accomodation,Olivier Dedek,Proposal,,Vlissingen NL,2000,,,,,,,,,,,,Closed Won,Project REV
,Komodo 0.7 6x5,Olivier Dedek,Proposal,,Komodo 0.7pp | 6x5 cabinet format | 3840*1800 | 2.88m x 1.35m | (5% spares + puck wall mount included),260000,,,,,,,,,,,,Closed Won,Harehope
,Gold Install,Olivier Dedek,Proposal,,,8400,,,,,,,,,,,,Closed Won,Harehope
,Video Processor,Olivier Dedek,Proposal,,MadVR Extreme,11077.5,,,,,,,,,,,,Closed Won,Harehope
,SW,Olivier Dedek,Proposal,,"3,5 x 2,6m",6207.5,,,,,,,,,,,,Closed Won,Harehope
,C-ATS,Mark Franks,Proposal,,5X RES + 4x REF + 4x REV,6420,,,Based on 5x3 standard layout,,,,,,,,,Closed Won,Musselburgh Cinema
,FW Seattle,Mark Franks,Proposal,,Seattle with dropped ceiling and white LED,7813.5,,,"3,6 x 4,1 x 2,1m",,,,,,,,,Closed Won,Musselburgh Cinema
,Fixed screen,Mark Franks,Proposal,,"Outline Cinema 105""",1462.5,,,,,,,,,,,,Closed Won,Musselburgh Cinema
,MAG speaker system,Mark Franks,Proposal,,5.2.4 system,5493,,,3x M8 (exdemo) + 2x S6 (exdemo) + 4x S4 + 1x Slim 110,,,,,,,,,Closed Won,Musselburgh Cinema
,Projector enclosure - Cinema,Mark Franks,Proposal,,"Cinema: DT-HB-M+, DT-HBO-VM, Lift System, DT-M-250 x2, DT-M-C2.",,,,,,,,,,,,,Closed Won,Dream Games
,Projector enclosure - Formal Review Room,Mark Franks,Proposal,,"Formal Review Room: DT-MMD-L, DT-M-250 x2, DT-M-C2.",,,,,,,,,,,,,Closed Won,Dream Games
,Projector enclosure - Additional Review Room,Mark Franks,Proposal,,"Additional Review Room: DT-MMD-L, DT-M-250 x2, DT-M-C2.",,,,,,,,,,,,,Closed Won,Dream Games
,,,,1004875.2,,,2026-01-23 to 2026-06-30,73.3333333333,979574.2,2026-02-09 to 2026-08-05,,,,2025-08-05 to 2026-04-08,,,,Closed Won,Pixel LED
,Acoustic treatment,Olivier Dedek,Proposal,,C-ATS for 7 x 5m room,9960,,,,,,,,,,,,Closed Lost,Vienna Cinema
,Screen Wall,Olivier Dedek,Proposal,,"4,9 x 3,23m",10793.25,,,,,,,,,,,,Closed Lost,Vienna Cinema
,Room fit out,Olivier Dedek,Proposal,,"Fabric Walls plain fabric design. Based on dimensions of 7,3 x 4,9 x 3,23m. 
Ceiling perimeter with dynamic LED in 35x35mm profile - including PSU and Advatek controller",25701.25,,,,,,,,,,,,Closed Lost,Vienna Cinema
,Audio,Olivier Dedek,Proposal,,MAG Theatron Avalon 9.1.4,59109,,,,,,,,,,,,Closed Lost,Vienna Cinema
,Room fit out,Mark Franks,Proposal,,Richmond design,23625,,,,,,,,,,,,Closed Lost,Moorgen Media Room
,Video,Mark Franks,Proposal,,Leyard URW105 + wall mount + MadVR Envy Core,11947.45,,,,,,,,,,,,Closed Lost,Moorgen Media Room
,Video commissioning,Mark Franks,Proposal,,SRND Displays service,625,,,,,,,,,,,,Closed Lost,Moorgen Media Room
,Spatial Audio,Mark Franks,Proposal,,1st year license for free + Map creation,600,,,,,,,,,,,,Closed Lost,Moorgen Media Room
,Audio,Mark Franks,Proposal,,14x Dash-2 + 4x Dot-1 + 2x Sub-1 + 16x700W amp + 4x350W amp,11912.5,,,3x Dash-2 in each corner + 2 top and bottom of screen + 4x Dot-1 on ceiling,,,,,,,,,Closed Lost,Moorgen Media Room
,Audio commissioning,Mark Franks,Proposal,,SRND service,625,,,,,,,,,,,,Closed Lost,Moorgen Media Room
,Video,Mark Franks,Proposal,,"3x PHG-2-C: 250x250mm, 2x 430x520mm.",14310,,,Custom port holes for boutique cinema,,,,,,,,,Closed Lost,Swansea boutique cinema
,LED Wall VDS 1.5,Olivier Dedek,Proposal,,"7x6 configuration""VDS (COB) 1.5pp / 7x6 cabinet format / 2688*1296px / 4.2m x 2.03m /
183.6"""" (5% spares + puck wall mount included)""",37040,,,,,,,,,,,,Closed Lost,Ambulance Center Nicosia
,Brightness sensor,Olivier Dedek,Proposal,,Colorlight,280,,,,,,,,,,,,Closed Lost,Ambulance Center Nicosia
,Gold Installation,Olivier Dedek,Proposal,,,5840,,,,,,,,,,,,Closed Lost,Ambulance Center Nicosia
,Shipping,Olivier Dedek,Proposal,,,2150,,,,,,,,,,,,Closed Lost,Ambulance Center Nicosia
,Barco I600,Olivier Dedek,Proposal,,I600 + ILD6 lens + extended warranty,12412.5,,,,,,,,,,,,Closed Lost,Villa Papillon
,MadVR Envy Core,Olivier Dedek,Proposal,,,3791.08,,,,,,,,,,,,Closed Lost,Villa Papillon
,MMD,Olivier Dedek,Proposal,,,5479.8,,,,,,,,,,,,Closed Lost,Villa Papillon
,Audio,Olivier Dedek,Proposal,,Pro-Fi speakers and subs + Spatial license,10456,,,,,,,,,,,,Closed Lost,Peninsula Interactive Lift
,Video,Olivier Dedek,Proposal,,Leyard Carbon Light Flex,328000,,,,,,,,,,,,Closed Lost,Peninsula Interactive Lift
,Acoustic treatment,Olivier Dedek,Proposal,,C-ATS + basic acoustic design based on 7 x 5m room,10860,,,,,,,,,,,,Closed Lost,Wychpitts Farm
,Screen Wall,Olivier Dedek,Proposal,,"5,5 x 2,6m",9750.65,,,,,,,,,,,,Closed Lost,Wychpitts Farm
,Room fit out,Olivier Dedek,Proposal,,"Richmond + enhanced design for 6,2 x 5,5 x 2,6 room",41815,,,,,,,,,,,,Closed Lost,Wychpitts Farm
,Video,Olivier Dedek,Proposal,,I600 + MadVR Core + VMM + PHG-1 + FRNT-390 + Commissioning,24186.98,,,,,,,,,,,,Closed Lost,Wychpitts Farm
,Audio,Olivier Dedek,Proposal,,MAG 9.1.6 system with M-12s + amps + Tonewinner + calibration,23495,,,,,,,,,,,,Closed Lost,Wychpitts Farm
,Dynamic LED staircase,Olivier Dedek,Proposal,,8x 12V pixel tape + profile + PSU + PixLite,2596,,,,,,,,,,,,Closed Lost,Wychpitts Farm
,POET,Olivier Dedek,Proposal,,Server + 3x Zed 2i + licence + LJ mapping,9412.5,,,,,,,,,,,,Closed Lost,Wychpitts Farm
,LEC-LED4K-2K,Olivier Dedek,Proposal,,2K ICW with commissioning,94400,,,,,,,,,,,,Closed Lost,2K DCI Wall MBS
,IMS300-2TB,Olivier Dedek,Proposal,,Dolby IMS3000 - 2TB,9150,,,,,,,,,,,,Closed Lost,2K DCI Wall MBS
,DT-POM,Olivier Dedek,Proposal,,Pull out mount for rear access to the 2K Infinity Cinema Wall display,8612.5,,,,,,,,,,,,Closed Lost,2K DCI Wall MBS
,FRNT-360,Olivier Dedek,Proposal,,3525 x 1500 - ATRef,3001.8,,,,,,,,,,,,Closed Lost,Frontier HT17
,Video wall,Olivier Dedek,Proposal,,"VDS 1.2pp COB | 6x7 cabinet format | 2880*1890px | 3.6m x 2.36m | 169.5"" (5% spares + puck wall mount included) | Z3 Controller | Leyard Gold Install Service",51200,,,,,,,,,,,,Closed Lost,Arthrex HQ
,POET,Olivier Dedek,Proposal,,"Mini Server + 4"" touchscreen + License",6900,,,,,,,,,,,,Closed Lost,Arthrex HQ
,FRNT-400-1.78 Image Grey,Olivier Dedek,Proposal,,Frontier fixed screen - 400 base in 1.78 - Image Grey - Powder coated covers,3570.1,,,10% discount on trade as agreed with Andreas,,,,,,,,,Closed Lost,Project - EDU - School
,"Komodo 0.7pp,  7 x 5 cabinet video wall",Mark Franks,Proposal,,,,,,,,,,,,,,,Closed Lost,Project Charles
,VDS 0.7 5 x 4 cabinet,Mark Franks,Proposal,,,,,,,,,,,,,,,Closed Lost,Project Charles
,Video,Mark Franks,Proposal,,"Sylvox 65"" Pool Pro 2.0 QLED, ELF3 soundbar and custom motorised enclosure.",8865.34,,,,,,,,,,,,Closed Lost,Bath Outdoor TV
,Local venue project (second phase),Mark Franks,Proposal,,"5x Sylvox 55"" outdoor TVs",13230,,,"To follow sale of 65"" TV",,,,,,,,,Closed Lost,Local venue project (first phase)
,FW Washington DC,Olivier Dedek,Proposal,,"Washington DC design, front and side walls, no ceiling, 8 columns pixel LED on ceiling halo. Based on dimensions of 9,6 x 6 x 2,7m.",23221.6,,,,,,,,,,,,Closed Lost,8 Wilton Crescent
,SW,Olivier Dedek,Proposal,,"4,1 x 2,6m",7270.25,,,,,,,,,,,,Closed Lost,8 Wilton Crescent
,Stage,Olivier Dedek,Proposal,,"3,5 x 4,75m",4912.7,,,,,,,,,,,,Closed Lost,8 Wilton Crescent
,Projector,Olivier Dedek,Proposal,,Bragi + EN61,17387.5,,,,,,,,,,,,Closed Lost,8 Wilton Crescent
,Video calibration,Olivier Dedek,Proposal,,,1000,,,,,,,,,,,,Closed Lost,8 Wilton Crescent
,Screen,Olivier Dedek,Proposal,,FRNT-350-1.78-ATS,3001.8,,,,,,,,,,,,Closed Lost,8 Wilton Crescent
,MAG Speakers,Olivier Dedek,Proposal,,3x M15 + 6x S8 + 2x Hammer 15,11580,,,,,,,,,,,,Closed Lost,8 Wilton Crescent
,Brackets,Olivier Dedek,Proposal,,,874,,,,,,,,,,,,Closed Lost,8 Wilton Crescent
,Amplifier,Olivier Dedek,Proposal,,Pro-Fi 16.700,4350,,,,,,,,,,,,Closed Lost,8 Wilton Crescent
,AV receiver,Olivier Dedek,Proposal,,Nuprime X H16-AIP,0,,,,,,,,,,,,Closed Lost,8 Wilton Crescent
,12V LED,Olivier Dedek,Proposal,,9 rolls,1080,,,,,,,,,,,,Closed Lost,LW showroom
,Advatek PixLite,Olivier Dedek,Proposal,,PixLite A4-S Mk3,516,,,,,,,,,,,,Closed Lost,LW showroom
,Service,Olivier Dedek,Proposal,,System design and configuration,450,,,,,,,,,,,,Closed Lost,LW showroom
,Luminate Pro 2.5 8x5,Olivier Dedek,Proposal,,"Luminate Pro LPO 2.5pp, 8x5 cabinet format, 1600x1000px, 4x2,5m, 187,5"", S6F controller (5% spares included)",30800,,,,,,,,,,,,Closed Lost,LED screen outside Harrods Cinema
,Wall mount,Olivier Dedek,Proposal,,,7800,,,,,,,,,,,,Closed Lost,LED screen outside Harrods Cinema
,Gold Install,Olivier Dedek,Proposal,,,6920,,,,,,,,,,,,Closed Lost,LED screen outside Harrods Cinema
,FW frame option including screen,Olivier Dedek,Proposal,,"All fabric panels on front wall, left wall and ceiling",9681.2,,,,,,,,,,,,Closed Lost,6 Polo Fields
,Starlight option,Olivier Dedek,Proposal,,Fabric panels on front wall + starlight on left wall and ceiling,20869.2,,,,,,,,,,,,Closed Lost,6 Polo Fields
,Video,Mark Franks,Proposal,,"NEC 603L, NP-9LS12ZMI, NEC extended warranty, DCI calibration, MADVR Core, VMM, PHG-2, DT-DYN-2S-360.",,2025-08-21T00:00:00,,Early discussion requiring follow up and proposal.,,,,,,,,,Closed Lost,VIP cinema project (DCI)
,C-ATS panels,Olivier Dedek,Proposal,,5x RES + 4x REV + 4x REF,6420,,,,,,,,,,,,Closed Lost,Project Solsidan
,C-ATS basic design,Olivier Dedek,Proposal,,Basic design,3000,,,,,,,,,,,,Closed Lost,Project Solsidan
,Hush Box,Olivier Dedek,Proposal,,HB-S + M-150 system + PHG-1 for Bravia 8,7429.2,,,,,,,,,,,,Closed Lost,Project Solsidan
,Screen,Olivier Dedek,Proposal,,"Outline MR 130""",1875,,,,,,,,,,,,Closed Lost,Project Solsidan
,FW Richmond + Advatek PixLite,Olivier Dedek,Proposal,,"Addressable LED - 6 columns - room dimensions: 5,2 x 3,4 x 2,4m",19715,,,,,,,,,,,,Closed Lost,Project Solsidan
,FW Enhanced Design Service,Olivier Dedek,Proposal,,,2495,,,,,,,,,,,,Closed Lost,Project Solsidan
,DT Screen Wall,Olivier Dedek,Proposal,,"3,4 x 2,4m",5564,,,,,,,,,,,,Closed Lost,Project Solsidan
,FW Seattle,Olivier Dedek,Proposal,,"No ceiling, white LED",12032,,,,,,,,,,,,Closed Lost,Epic Marbella
,FRNT-360,Olivier Dedek,Proposal,,,3001.8,,,,,,,,,,,,Closed Lost,Epic Marbella
,MAG Speakers + brackets,Olivier Dedek,Proposal,,7.2: M12 + S6 + Hammer 12,6966,,,,,,,,,,,,Closed Lost,Epic Marbella
,Starlight ceiling,Olivier Dedek,Proposal,,T shape built in 6 panels,6180,,,,,,,,,,,,Closed Lost,Project 23210
,Shipping,Olivier Dedek,Proposal,,,800,,,,,,,,,,,,Closed Lost,Project 23210
,PHG-1,Olivier Dedek,Proposal,,,1765.8,,,,,,,,,,,,Closed Lost,Project 3374
,Shipping,Olivier Dedek,Proposal,,,175,,,,,,,,,,,,Closed Lost,Project 3374
,DYN-2S-420,Olivier Dedek,Proposal,,,11476.8,,,,,,,,,,,,Closed Lost,2 Cinemas
,Heimdall+ CS,Olivier Dedek,Proposal,,Lens to be confirmed,39650,,,,,,,,,,,,Closed Lost,2 Cinemas
,DYN-2S-330,Olivier Dedek,Proposal,,,8369.4,,,,,,,,,,,,Closed Lost,2 Cinemas
,Heimdall CS,Olivier Dedek,Proposal,,https://srnd.store/products/heimdall-plus-cinemascope-cinema-projector,30550,,,,,,,,,,,,Closed Lost,2 Cinemas
,Acoustic treatment,Olivier Dedek,Proposal,,C-ATS with basic design for 7x5m room,12960,,,,,,,,,,,,Closed Lost,New Orleans cinema
,Screen,Olivier Dedek,Proposal,,"Outline Media Room 170""",2625,,,,,,,,,,,,Closed Lost,New Orleans cinema
,Room fit out,Olivier Dedek,Proposal,,"New Orleans design with Starlight ceiling, 7 x 5 x 2,5m + Advatek PixLite",38237,,,,,,,,,,,,Closed Lost,New Orleans cinema
,Acoustic treatment,Olivier Dedek,Proposal,,C-ATS + Advanced design service,24330,,,,,,,,,,,,Closed Lost,Villa Peychassol DCI Cinema
,Screen Wall,Olivier Dedek,Proposal,,"8,7 x 3,7m",22009,,,,,,,,,,,,Closed Lost,Villa Peychassol DCI Cinema
,Room fit out,Olivier Dedek,Proposal,,"Madrid + Premium Design Package for 12,2 x 8,7 x 3,7m room",87094.98,,,,,,,,,,,,Closed Lost,Villa Peychassol DCI Cinema
,Video,Olivier Dedek,Proposal,,Nerthus AE + VMM-XXL + PHG-2 + MadVR Extreme + White Glove Service,170331.7,,,,,,,,,,,,Closed Lost,Villa Peychassol DCI Cinema
,Screen,Olivier Dedek,Proposal,,DT-DYN-4-XL-660,35134.2,,,,,,,,,,,,Closed Lost,Villa Peychassol DCI Cinema
,Audio,Olivier Dedek,Proposal,,"MAG Avalons + Falcons 19.8.10
Spatial Inc
Calibration",269985,,,,,,,,,,,,Closed Lost,Villa Peychassol DCI Cinema
,Freya+,Olivier Dedek,Proposal,,"Freya+, lens TBC, 5Y warranty and WGS",110987.5,,,,,,,,,,,,Closed Lost,GR87 DCI Cinema
,Projector Mount Trolly,Olivier Dedek,Proposal,,PMT-XL,5479.8,,,,,,,,,,,,Closed Lost,GR87 DCI Cinema
,Dolby CP950,Olivier Dedek,Proposal,,CP950A + licenses and DAC3203,26000,,,,,,,,,,,,Closed Lost,GR87 DCI Cinema
,Custom Porthole,Olivier Dedek,Proposal,,PHG-2-C-600-600,8640,,,,,,,,,,,,Closed Lost,GR87 DCI Cinema
,Interior Architecture,Mark Franks,Proposal,,"New Orleans, MIRS, CATS, screen wall",130069.59,,,,,,,,,,,,Closed Lost,PROJECT P1858 CINEMA
,AV,Mark Franks,Proposal,,"Freya AE, DT-VMM-XXL, DT-PHG-2, MADVR Extreme2, DT-DYN-4-L-450, MAG Theatron Avalon + subs + amplifiers, S8s, TQ-3000 amplifiers,",,,,,,,,,,,,,Closed Lost,PROJECT P1858 CINEMA
,NEC603L IMS,,Proposal,,Projector and IMS3000,32250,,,,,,,,,,,,Closed Lost,DCI Projector
,NEC Lens 1.2 to 1.7,,Proposal,,Lens,2062.5,,,,,,,,,,,,Closed Lost,DCI Projector
,Audio,Mark Franks,Proposal,,"Audio portion of wellness room: Pro-Fi Dot x 12, Dash x2.  16 channel amplifier.",9937,,,,,,,,,,,,Closed Lost,Demo Wellness Room
,Video,Mark Franks,Proposal,,"Leyard 105"" panel",8119.8,,,,,,,,,,,,Closed Lost,Demo Wellness Room
,Lighting,Mark Franks,Proposal,,Aura panels and other lighting elements.,3332,,,,,,,,,,,,Closed Lost,Demo Wellness Room
,Interior Architecture,Mark Franks,Proposal,,Modular room build and design service,8000,,,,,,,,,,,,Closed Lost,Demo Wellness Room
,Content and Control,Mark Franks,Proposal,,"POET, Atmosphere. Light Jams, etc.",8875,,,,,,,,,,,,Closed Lost,Demo Wellness Room
,2x Dash 4,Mark Franks,Proposal,,Colour TBC,1320,,,,,,,,,,,,Closed Lost,Pro-Fi system
,1x Sub,Mark Franks,Proposal,,Floorstanding,600,,,,,,,,,,,,Closed Lost,Pro-Fi system
,2x PoE amps,Mark Franks,Proposal,,Option 1,900,,,,,,,,,,,,Closed Lost,Pro-Fi system
,1x CouldAmp 4.350,Mark Franks,Proposal,,Option 2,1650,,,,,,,,,,,,Closed Lost,Pro-Fi system
,Projection mounts,Mark Franks,Proposal,,Freya+ projector shelf,552,,,,,,,,,,,,Closed Lost,Oaklands
,Side mirror,Mark Franks,Proposal,,SM-XL,3653.4,,,,,,,,,,,,Closed Lost,Oaklands
,Porthole,Mark Franks,Proposal,,PHG-2-C-776-350,6518.4,,,,,,,,,,,,Closed Lost,Oaklands
,C-ATS,Olivier Dedek,Proposal,,11x RES + 10x REV + 7X REF,13890,,,,,,,,,,,,Closed Lost,Al Barari Mz Cinema
,Acoustic Design,Olivier Dedek,Proposal,,Basic,3000,,,,,,,,,,,,Closed Lost,Al Barari Mz Cinema
,Acoustic Isolation Design,Olivier Dedek,Proposal,,Project,7500,,,,,,,,,,,,Closed Lost,Al Barari Mz Cinema
,Acoustic Isolation Specialist Material,Olivier Dedek,Proposal,,TBC by design,10000,,,,,,,,,,,,Closed Lost,Al Barari Mz Cinema
,Screen Wall,Olivier Dedek,Proposal,,"6,6 x 3m",13500,,,,,,,,,,,,Closed Lost,Al Barari Mz Cinema
,Room Fit-out,Olivier Dedek,Proposal,,"Richmond Design with starlight ceiling - 8,3 x 6,6 x 3m",59080,,,,,,,,,,,,Closed Lost,Al Barari Mz Cinema
,FW Enhanced Design Package,Olivier Dedek,Proposal,,,2495,,,,,,,,,,,,Closed Lost,Al Barari Mz Cinema
,Projector,Olivier Dedek,Proposal,,Freya + Lens + Essential Care + WGS,64462.5,,,,,,,,,,,,Closed Lost,Al Barari Mz Cinema
,Video Processor,Olivier Dedek,Proposal,,MadVR Envy Extreme,11077.5,,,,,,,,,,,,Closed Lost,Al Barari Mz Cinema
,Video calibration,Olivier Dedek,Proposal,,Barco WGS,5000,,,,,,,,,,,,Closed Lost,Al Barari Mz Cinema
,Projector mount and porthole,Olivier Dedek,Proposal,,PMT-XL + PHG-2,7600,,,,,,,,,,,,Closed Lost,Al Barari Mz Cinema
,Screen,Olivier Dedek,Proposal,,DYN-2S-L-540,17620,,,,,,,,,,,,Closed Lost,Al Barari Mz Cinema
,Audio system,Olivier Dedek,Proposal,,MAG speakers and amps,31726,,,,,,,,,,,,Closed Lost,Al Barari Mz Cinema
,Audio calibration,Olivier Dedek,Proposal,,3x 1 day,3000,,,,,,,,,,,,Closed Lost,Al Barari Mz Cinema
,Video,Mark Franks,Proposal,,"Freya+, standard zoom lens 2, DT-PPM, DT-PHG-2",91062.1,,,,,,,,,,,,Closed Lost,Fulford Farm
,Extended warranty,Mark Franks,Proposal,,Essential Care,5062.5,,,,,,,,,,,,Closed Lost,Fulford Farm
,Commissioning,Mark Franks,Proposal,,SRND DCI commissioning,2500,,,,,,,,,,,,Closed Lost,Fulford Farm
,Video Option 1,Mark Franks,Proposal,,"BARCO I600 + standard lens, MADVR Envy Core, I600 Essential Care, SRND Commissioning Support",,,,,,,,,,,,,Closed Lost,Bedford Cinema
,Projector mount/enclosure Option 1,Mark Franks,Proposal,,"DT-CM, DT-PHG-2",,,,,,,,,,,,,Closed Lost,Bedford Cinema
,Screen Option 1,Mark Franks,Proposal,,DT-FRNT-360,,,,,,,,,,,,,Closed Lost,Bedford Cinema
,Audio Option 1,Mark Franks,Proposal,,"MAG Theatron M12 x3, S6 x10, Hammer 12 x4, Tonewinner, TQ-3000 x5.",,,,,,,,,,,,,Closed Lost,Bedford Cinema
,Interior Architecture Option 1,Mark Franks,Proposal,,"Richmond, screen wall and C-ATS",,,,,,,,,,,,,Closed Lost,Bedford Cinema
,Video Option 2,Mark Franks,Proposal,,"Heimdall and EN61 lens, MADVR Envy Core, Heimdall Essential Care, SRND Commissioning Support",,,,,,,,,,,,,Closed Lost,Bedford Cinema
,Projector mount/enclosure Option 2,Mark Franks,Proposal,,"DT-CM, DT-PHG-2",,,,,,,,,,,,,Closed Lost,Bedford Cinema
,Screen Option 2,Mark Franks,Proposal,,DT-DYN-2TB-360,,,,,,,,,,,,,Closed Lost,Bedford Cinema
,Audio Option 2,Mark Franks,Proposal,,"MAG Theatron Falcon F46 x 3, S6 x10,  MAGT-DBA-15 x4, Tonewinner, TQ-3000 x5",,,,,,,,,,,,,Closed Lost,Bedford Cinema
,Interior Architecture Option 2,Mark Franks,Proposal,,"Richmond, screen wall and C-ATS",,,,,,,,,,,,,Closed Lost,Bedford Cinema
,Video,Olivier Dedek,Proposal,,Heimdall CS+ with EN63 + MadVR Envy and SRND commissioning,47866.08,,,,,,,,,,,,Closed Lost,Guernsey Cinema
,Projector mount and accessories (DT),Olivier Dedek,Proposal,,"VMM + PHG-2 + Mistral 200 system + SW (4,7 x 2,44m)",12588.15,,,,,,,,,,,,Closed Lost,Guernsey Cinema
,Screen,Olivier Dedek,Proposal,,Dynamic 2S - 330,8369.4,,,,,,,,,,,,Closed Lost,Guernsey Cinema
,Acoustic treatment,Olivier Dedek,Proposal,,C-ATS with basic design,9420,,,,,,,,,,,,Closed Lost,Guernsey Cinema
,Commissioning,Olivier Dedek,Proposal,,Commissioning + transport and accomodation,3000,,,Estimate for trip to Guernsey,,,,,,,,,Closed Lost,Guernsey Cinema
,C-ATS design,Olivier Dedek,Proposal,,Basic,3000,,,,,,,,,,,,Closed Lost,Cinema Grimaud
,C-ATS panels,Olivier Dedek,Proposal,,13x RES + 17xREV + 8xREF,18330,,,,,,,,,,,,Closed Lost,Cinema Grimaud
,New Orleans room,Olivier Dedek,Proposal,,"10 columns, complete ceiling, pixel LED",43200,,,,,,,,,,,,Closed Lost,Cinema Grimaud
,Design Package,Olivier Dedek,Proposal,,Enhanced,2495,,,,,,,,,,,,Closed Lost,Cinema Grimaud
,Advatek Pixlite,Olivier Dedek,Proposal,,A4-S,565,,,,,,,,,,,,Closed Lost,Cinema Grimaud
,Pixel mapping,Olivier Dedek,Proposal,,Up to 64 universes,750,,,,,,,,,,,,Closed Lost,Cinema Grimaud
,Video,Mark Franks,Proposal,,"BARCO Balder, EN63, DT-CM, MAD VR Core, Essential care, calibration.",,,,,,,,,,,,,Closed Lost,Makai cinema
,Screen,Mark Franks,Proposal,,DT-DYN-2TB-AM-390,,,,,,,,,,,,,Closed Lost,Makai cinema
,Room fit out,Mark Franks,Proposal,,"Philadelphia, C-ATS",,,,,,,,,,,,,Closed Lost,Makai cinema
,Audio,Mark Franks,Proposal,,MAG Theatron speakers and amplifiers.,,,,,,,,,,,,,Closed Lost,Makai cinema
,Screen,Mark Franks,Proposal,,DT-FRNT-4000-2.40-IS-ATREF screen,3814,2025-09-11T00:00:00,,Screen for Tintern Court project.,,,,,,,,,Closed Lost,Tintern Court
,Acoustic treatment,,Proposal,,Basic design + panels,10860,,,6x RES + 5x REF + 5X REV,,,,,,,,,Closed Lost,Tintern Court
,FW frames,,Proposal,,FW frames with Camira RePlay Jump,15500,,,See Excel in DB folder,,,,,,,,,Closed Lost,Tintern Court
,Speaker package,Mark Franks,Proposal,,Mag Theatron,,,,,,,,,,,,,Closed Lost,CEHCR-RES-HT
,Amplifiers,Mark Franks,Proposal,,TDC-3200,,,,,,,,,,,,,Closed Lost,CEHCR-RES-HT
,Video,Mark Franks,In Progress,,"BARCO I600, ILD7, Essential care, custom HB with internal mirror.",24462.5,2025-09-19T00:00:00,,BARCO I600 with custom hush box that includes mirror.,,,,,,,,,Closed Lost,Project #22123
,POET Partner Demo Set,Olivier Dedek,Proposal,,https://srnd.store/collections/poet/products/poet-partner-demo-set,6000,,,,,,,,,,,,Closed Lost,POET Demo
,,,,5994922.159999999,,,2025-08-29 to 2026-10-30,28.8235294118,1322205.405,2025-07-16 to 2026-07-22,,,,2025-07-14 to 2026-05-21,,,,Closed Lost,Pro-Fi multiroom audio
,VMM,Olivier Dedek,Proposal,,,,,,,,,,,,,,,Complete,Project 24018 L102
,PHG-2,Olivier Dedek,Proposal,,,,,,,,,,,,,,,Complete,Project 24018 L102
,M-200,Olivier Dedek,Proposal,,,,,,,,,,,,,,,Complete,Project 24018 L102
,M-C2,Olivier Dedek,Proposal,,,,,,,,,,,,,,,Complete,Project 24018 L102
,MMD-S,Olivier Dedek,Proposal,,Motorised Mirror Drop Small - For projectors up to 600 x 600 x 270mm,5100,,,,,,,,,,,,Complete,MMD Boardroom Bxl
,Video,Mark Franks,Proposal,,BARCO Heimdall with EN64 lens.,28762.5,2025-07-24T00:00:00,,,,,,,,,,,Complete,Holmewood House
,AV,Mark Franks,Proposal,,MADVR Envy Core,3791.08,2025-09-03T00:00:00,,To be ordered to coincide with delivery of Heimdall and EN63 lens.,,,,,,,,,Complete,10 HVR remaining equipment
,Commissioning Service/Calibration,Mark Franks,Proposal,,SRND Commissioning Support,1000,,,To be ordered to coincide with delivery of Heimdall and EN63 lens.,,,,,,,,,Complete,10 HVR remaining equipment
,Screen,Mark Franks,Proposal,,DT-DYN-2S-450 4.5m 2.40 AT Studio,,,,,,,,,,,,,Complete,Members Club Cinema
,Audio,Mark Franks,Proposal,,"MAG Theatron M12 x3, S6 x6, CS6 x4, Hammer 12 x4  Pro-Fi  PF-A-16-700D and  PF-A-4-350D",,,,,,,,,,,,,Complete,Members Club Cinema
,Audio Calibration,Mark Franks,Proposal,,SRND-AUDIO-CAL,,,,,,,,,,,,,Complete,Members Club Cinema
,C-ATS,Mark Franks,Proposal,,2x RES,1100,,,,,,,,,,,,Complete,Members Club Cinema options
,Isolation brackets,Mark Franks,Proposal,,18 units,4500,,,,,,,,,,,,Complete,Members Club Cinema options
,XL Steel Gray 22m,Olivier Dedek,Agreed,,,,,,,,,,,,,,,Complete,Ultrasuede for cinema
,PixLite A4S,Olivier Dedek,Agreed,,,,,,,,,,,,,,,Complete,Ultrasuede for cinema
,VMM,Mark Franks,Proposal,,VMM (for Bragi),1827,,,,,,,,,,,,Complete,Italy Project
,FRNT-420 + 2x PHG-1,Mark Franks,Proposal,6992.64,,,,,,,,,,,,,,Complete,Frontier + 2x PHG-1
,XL Asphalt,,Proposal,,125m,5305,,,,,,,,,,,,Complete,Ultrasuede
,Seattle Room,,Proposal,,,13000,,,,,,,,,,,,Complete,Barco Cinepodz
,Frontier 3000mm 2.40 aspect,,Proposal,,,3000,,,,,,,,,,,,Complete,Barco Cinepodz
,Acoustic treatment,Olivier Dedek,Proposal,,5x RES + 4x REV + 2x REF,5640,,,,,,,,,,,,Complete,PRO523 Cinema
,Fabric Walls panels,Olivier Dedek,Proposal,,Various FW frames with Camira Lucia fabric,10776.85,,,,,,,,,,,,Complete,PRO523 Cinema
,PHG-2,Olivier Dedek,Proposal,,,2118.6,,,,,,,,,,,,Complete,PRO523 Cinema
,FRNT-450,Olivier Dedek,Proposal,,DT-FRNT-4340-2.39-IS-ATPRO,4308,,,,,,,,,,,,Complete,PRO523 Cinema
,HB-M + VM + PHG-2 + M-C2 + 2x M-200,Olivier Dedek,Proposal,,,10192.2,,,,,,,,,,,,Complete,Project A
,,,,194881.67,,,2025-07-30 to 2026-06-30,77.8,160962.389,2025-11-19 to 2026-07-22,,,,2025-07-14 to 2026-05-28,,,,Complete,Mistral system
